fon_kodu,unvan,risk_seviyesi,yonetim_ucreti,stopaj,alis_valoru,satis_valoru,pys,kategori,veri_tarihi,fon_buyuklugu,yatirimci_sayisi,gunluk_nakit_giris_cikisi
AAJ,AGESA HAYAT VE EMEKLİLİK A.Ş. OKS STANDART EMEKLİLİK YATIRIM FONU,4,0.85,0,1,1,AGESA HAYAT VE EMEKLİLİK A.Ş.,OKS Standart Fon,2026-09-18T00:00:00.000Z,5394729807,663469,-10466461.80516
ABE,ANADOLU HAYAT EMEKLİLİK A.Ş. S&P 500 YABANCI BYF FON SEPETİ EMEKLİLİK YATIRIM FONU,6,2.2,0,1,3,ANADOLU HAYAT EMEKLİLİK A.Ş.,Fon Sepeti Fonu,2026-09-18T00:00:00.000Z,9735239086,196347,-5929055.854216
AE2,AGESA HAYAT VE EMEKLİLİK A.Ş. BORÇLANMA ARAÇLARI EMEKLİLİK YATIRIM FONU,3,1.9,0,1,1,AGESA HAYAT VE EMEKLİLİK A.Ş.,Borçlanma Araçları Fonu,2026-09-18T00:00:00.000Z,7685440595,301001,-3167717.145722
AE3,AGESA HAYAT VE EMEKLİLİK A.Ş. DİNAMİK DEĞİŞKEN EMEKLİLİK YATIRIM FONU,5,2.24,0,1,1,AGESA HAYAT VE EMEKLİLİK A.Ş.,Değişken Fon,2026-09-18T00:00:00.000Z,10817192494,276519,-11183777.177807
AEA,ANADOLU HAYAT EMEKLİLİK A.Ş. ALTIN KATILIM EMEKLİLİK YATIRIM FONU,6,1.07,0,1,1,ANADOLU HAYAT EMEKLİLİK A.Ş.,Altın Katılım Fonu,2026-09-18T00:00:00.000Z,92423180546,721024,32708777.241329003
AEH,AGESA HAYAT VE EMEKLİLİK A.Ş. HİSSE SENEDİ EMEKLİLİK YATIRIM FONU,6,2.18,0,1,2,AGESA HAYAT VE EMEKLİLİK A.Ş.,Hisse Senedi Fonu,2026-09-18T00:00:00.000Z,22493022738,495029,25913504.611475002
AEN,ALLIANZ YAŞAM VE EMEKLİLİK A.Ş. ÖZEL SEKTÖR BORÇLANMA ARAÇLARI EMEKLİLİK YATIRIM FONU,3,1.9,0,1,2,ALLIANZ YAŞAM VE EMEKLİLİK A.Ş.,Değişken Fon,2026-09-18T00:00:00.000Z,5260501797,230244,3208574.7515800004
AEU,ALLIANZ YAŞAM VE EMEKLİLİK A.Ş. BIST TEMETTÜ ENDEKSİ EMEKLİLİK YATIRIM FONU,6,1.88,0,1,2,ALLIANZ YAŞAM VE EMEKLİLİK A.Ş.,Endeks Fon,2026-09-18T00:00:00.000Z,1488203438,21501,4785793.077474
AEZ,ALLIANZ YAŞAM VE EMEKLİLİK A.Ş. YAPI KREDİ FON SEPETİ EMEKLİLİK YATIRIM FONU,4,2,0,1,2,ALLIANZ YAŞAM VE EMEKLİLİK A.Ş.,Değişken Fon,2026-09-18T00:00:00.000Z,372575173,6975,2582278.253518
AFH,ANADOLU HAYAT EMEKLİLİK A.Ş. OKS STANDART EMEKLİLİK YATIRIM FONU,4,0.85,0,1,1,ANADOLU HAYAT EMEKLİLİK A.Ş.,OKS Standart Fon,2026-09-18T00:00:00.000Z,8071471103,794869,18333533.827305
AFJ,ALLIANZ YAŞAM VE EMEKLİLİK A.Ş. OKS TEMKİNLİ DEĞİŞKEN EMEKLİLİK YATIRIM FONU,2,0.85,0,1,1,ALLIANZ YAŞAM VE EMEKLİLİK A.Ş.,Değişken Fon,2026-09-18T00:00:00.000Z,174139399,2999,138266.459258
AFP,ANADOLU HAYAT EMEKLİLİK A.Ş. OKS KATILIM STANDART EMEKLİLİK YATIRIM FONU,3,0.85,0,1,1,ANADOLU HAYAT EMEKLİLİK A.Ş.,OKS Katılım Standart Fon,2026-09-18T00:00:00.000Z,7001433027,749494,14843942.210275998
AGA,BEREKET EMEKLİLİK VE HAYAT A.Ş. ALTIN KATILIM EMEKLİLİK YATIRIM FONU,6,1.00375,0,1,2,BEREKET EMEKLİLİK VE HAYAT A.Ş.,Altın Katılım Fonu,2026-09-18T00:00:00.000Z,9337035368,82905,-34167549.191851
AGB,BEREKET EMEKLİLİK VE HAYAT A.Ş. BÜYÜME KATILIM DEĞİŞKEN EMEKLİLİK YATIRIM FONU,6,2.19,0,1,2,BEREKET EMEKLİLİK VE HAYAT A.Ş.,Değişken Fon,2026-09-18T00:00:00.000Z,352375802,16156,-66949.684326
AGD,BEREKET EMEKLİLİK VE HAYAT A.Ş. KATILIM STANDART EMEKLİLİK YATIRIM FONU,3,1.825,0,1,2,BEREKET EMEKLİLİK VE HAYAT A.Ş.,Katılım Standart Fon,2026-09-18T00:00:00.000Z,509765602,56037,133980.094026
AGE,ANADOLU HAYAT EMEKLİLİK A.Ş. KATILIM STANDART EMEKLİLİK YATIRIM FONU,4,1.9,0,1,2,ANADOLU HAYAT EMEKLİLİK A.Ş.,Katılım Standart Fon,2026-09-18T00:00:00.000Z,1885982835,37349,-2283096.374616
AGH,BEREKET EMEKLİLİK VE HAYAT A.Ş. KATILIM HİSSE SENEDİ EMEKLİLİK YATIRIM FONU,6,2.19,0,1,2,BEREKET EMEKLİLİK VE HAYAT A.Ş.,Hisse Senedi Fonu,2026-09-18T00:00:00.000Z,1823287928,53079,1350679.559496
AGM,BEREKET EMEKLİLİK VE HAYAT A.Ş. MUHAFAZAKAR KATILIM DEĞİŞKEN EMEKLİLİK YATIRIM FONU,3,2.19,0,1,2,BEREKET EMEKLİLİK VE HAYAT A.Ş.,Değişken Fon,2026-09-18T00:00:00.000Z,725511585,53322,-550446.2121
AH1,ANADOLU HAYAT EMEKLİLİK A.Ş. İKİNCİ BORÇLANMA ARAÇLARI EMEKLİLİK YATIRIM FONU,3,1.85,0,1,1,ANADOLU HAYAT EMEKLİLİK A.Ş.,Borçlanma Araçları Fonu,2026-09-18T00:00:00.000Z,5299617919,155747,1860147.626436
AH3,ANADOLU HAYAT EMEKLİLİK A.Ş. BİRİNCİ KAMU DIŞ BORÇLANMA ARAÇLARI EMEKLİLİK YATIRIM FONU,6,1.85,0,1,2,ANADOLU HAYAT EMEKLİLİK A.Ş.,Kamu Yabancı Para (Döviz) Cinsinden Borçlanma Araç,2026-09-18T00:00:00.000Z,13067018113,227222,-1489572.4797699999
AH4,ANADOLU HAYAT EMEKLİLİK A.Ş. İKİNCİ KAMU DIŞ BORÇLANMA ARAÇLARI EMEKLİLİK YATIRIM FONU,6,1.85,0,1,2,ANADOLU HAYAT EMEKLİLİK A.Ş.,Kamu Yabancı Para (Döviz) Cinsinden Borçlanma Araç,2026-09-18T00:00:00.000Z,6481156697,118439,2857349.743353
AH5,ANADOLU HAYAT EMEKLİLİK A.Ş. HİSSE SENEDİ EMEKLİLİK YATIRIM FONU,6,2.2,0,1,2,ANADOLU HAYAT EMEKLİLİK A.Ş.,Hisse Senedi Fonu,2026-09-18T00:00:00.000Z,25107527092,380530,-3084645.957568
AH6,ANADOLU HAYAT EMEKLİLİK A.Ş. BİRİNCİ DEĞİŞKEN EMEKLİLİK YATIRIM FONU,5,2,0,1,3,ANADOLU HAYAT EMEKLİLİK A.Ş.,Değişken Fon,2026-09-18T00:00:00.000Z,4459529156,84333,450994.70492999995
AH8,ANADOLU HAYAT EMEKLİLİK A.Ş. KARMA EMEKLİLİK YATIRIM FONU,2,2.2,0,1,2,ANADOLU HAYAT EMEKLİLİK A.Ş.,Karma Fon,2026-09-18T00:00:00.000Z,12176769493,214480,-5376552.874682
AH9,ANADOLU HAYAT EMEKLİLİK A.Ş. ATAK DEĞİŞKEN EMEKLİLİK YATIRIM FONU,5,2.2,0,1,1,ANADOLU HAYAT EMEKLİLİK A.Ş.,Değişken Fon,2026-09-18T00:00:00.000Z,8968629678,191153,-6753599.97221
AHB,ANADOLU HAYAT EMEKLİLİK A.Ş. İKİNCİ HİSSE SENEDİ EMEKLİLİK YATIRIM FONU,6,2.2,0,1,2,ANADOLU HAYAT EMEKLİLİK A.Ş.,Hisse Senedi Fonu,2026-09-18T00:00:00.000Z,970270168,7169,2649333.3908800003
AHC,ANADOLU HAYAT EMEKLİLİK A.Ş. ÖZEL SEKTÖR BORÇLANMA ARAÇLARI EMEKLİLİK YATIRIM FONU,2,1.85,0,1,1,ANADOLU HAYAT EMEKLİLİK A.Ş.,Özel Sektör Borçlanma Araçları Fonu,2026-09-18T00:00:00.000Z,16717371072,250616,22415175.325374
AHL,ANADOLU HAYAT EMEKLİLİK A.Ş. AGRESİF DEĞİŞKEN EMEKLİLİK YATIRIM FONU,6,2.2,0,1,2,ANADOLU HAYAT EMEKLİLİK A.Ş.,Değişken Fon,2026-09-18T00:00:00.000Z,9159844269,128727,-7535669.507658
AIE,ALLIANZ YAŞAM VE EMEKLİLİK A.Ş. OKS BÜYÜME KATILIM DEĞİŞKEN EMEKLİLİK YATIRIM FONU,5,0.85,0,1,2,ALLIANZ YAŞAM VE EMEKLİLİK A.Ş.,Katılım Değişken Fon,2026-09-18T00:00:00.000Z,637078709,10752,-215306.571164
AIP,ALLIANZ YAŞAM VE EMEKLİLİK A.Ş. OKS AGRESİF KATILIM DEĞİŞKEN EMEKLİLİK YATIRIM FONU,6,0.85,0,1,2,ALLIANZ YAŞAM VE EMEKLİLİK A.Ş.,Katılım Değişken Fon,2026-09-18T00:00:00.000Z,874422207,11102,764006.573912
AJA,ANADOLU HAYAT EMEKLİLİK A.Ş. OKS AGRESİF DEĞİŞKEN EMEKLİLİK YATIRIM FONU,6,0.85,0,1,2,ANADOLU HAYAT EMEKLİLİK A.Ş.,Değişken Fon,2026-09-18T00:00:00.000Z,1509323506,15162,6285889.92136
AJB,ANADOLU HAYAT EMEKLİLİK A.Ş. OKS ATAK DEĞİŞKEN EMEKLİLİK YATIRIM FONU,5,0.85,0,1,2,ANADOLU HAYAT EMEKLİLİK A.Ş.,Değişken Fon,2026-09-18T00:00:00.000Z,810913584,9751,583821.685666
AJC,ANADOLU HAYAT EMEKLİLİK A.Ş. OKS DENGELİ DEĞİŞKEN EMEKLİLİK YATIRIM FONU,4,0.85,0,1,2,ANADOLU HAYAT EMEKLİLİK A.Ş.,Değişken Fon,2026-09-18T00:00:00.000Z,429429934,6427,326681.17207
AJF,ANADOLU HAYAT EMEKLİLİK A.Ş. OKS TEMKİNLİ DEĞİŞKEN EMEKLİLİK YATIRIM FONU,2,0.85,0,1,1,ANADOLU HAYAT EMEKLİLİK A.Ş.,Değişken Fon,2026-09-18T00:00:00.000Z,201863039,3814,121017.670434
AJG,ANADOLU HAYAT EMEKLİLİK A.Ş. OKS AGRESİF KATILIM DEĞİŞKEN EMEKLİLİK YATIRIM FONU,6,0.85,0,1,2,ANADOLU HAYAT EMEKLİLİK A.Ş.,Değişken Fon,2026-09-18T00:00:00.000Z,1501258423,16814,3631980.330246
AJH,ANADOLU HAYAT EMEKLİLİK A.Ş. OKS ATAK KATILIM DEĞİŞKEN EMEKLİLİK YATIRIM FONU,5,0.85,0,1,2,ANADOLU HAYAT EMEKLİLİK A.Ş.,Değişken Fon,2026-09-18T00:00:00.000Z,745520494,11259,1407149.1482399998
AJP,AXA HAYAT VE EMEKLİLİK A.Ş. OKS ATAK DEĞİŞKEN EMEKLİLİK YATIRIM FONU,5,0.85,0,1,2,AXA HAYAT VE EMEKLİLİK A.Ş.,Değişken Fon,2026-09-18T00:00:00.000Z,33610539,447,217945.03184999997
AJR,AXA HAYAT VE EMEKLİLİK A.Ş. OKS AGRESİF DEĞİŞKEN EMEKLİLİK YATIRIM FONU,6,0.85,0,1,2,AXA HAYAT VE EMEKLİLİK A.Ş.,Değişken Fon,2026-09-18T00:00:00.000Z,298998191,590,220220.609826
AJT,AXA HAYAT VE EMEKLİLİK A.Ş. OKS TEMKİNLİ DEĞİŞKEN EMEKLİLİK YATIRIM FONU,2,0.85,0,1,1,AXA HAYAT VE EMEKLİLİK A.Ş.,Değişken Fon,2026-09-18T00:00:00.000Z,14442041,225,28453.290524
AJV,AXA HAYAT VE EMEKLİLİK A.Ş. OKS DENGELİ DEĞİŞKEN EMEKLİLİK YATIRIM FONU,4,0.85,0,1,1,AXA HAYAT VE EMEKLİLİK A.Ş.,Değişken Fon,2026-09-18T00:00:00.000Z,16409389,297,27483.015012
AJY,AXA HAYAT VE EMEKLİLİK A.Ş. OKS ATAK KATILIM DEĞİŞKEN EMEKLİLİK YATIRIM FONU,5,0.85,0,1,1,AXA HAYAT VE EMEKLİLİK A.Ş.,Değişken Fon,2026-09-18T00:00:00.000Z,59320021,347,271079.888
AJZ,AXA HAYAT VE EMEKLİLİK A.Ş. OKS AGRESİF KATILIM DEĞİŞKEN EMEKLİLİK YATIRIM FONU,6,0.85,0,1,2,AXA HAYAT VE EMEKLİLİK A.Ş.,Değişken Fon,2026-09-18T00:00:00.000Z,206551076,439,1007495.953542
ALI,ALLIANZ YAŞAM VE EMEKLİLİK A.Ş. KOÇ İŞTİRAK ENDEKSİ EMEKLİLİK YATIRIM FONU,6,1.88,0,1,2,ALLIANZ YAŞAM VE EMEKLİLİK A.Ş.,Endeks Fon,2026-09-18T00:00:00.000Z,7388919177,120453,1678406.7045970003
ALJ,ALLIANZ YAŞAM VE EMEKLİLİK A.Ş. OKS AGRESİF DEĞİŞKEN EMEKLİLİK YATIRIM FONU,6,0.85,0,1,2,ALLIANZ YAŞAM VE EMEKLİLİK A.Ş.,Değişken Fon,2026-09-18T00:00:00.000Z,517022345,5744,217932.90648300003
ALR,ALLIANZ YAŞAM VE EMEKLİLİK A.Ş. KARMA EMEKLİLİK YATIRIM FONU,6,2,0,1,3,ALLIANZ YAŞAM VE EMEKLİLİK A.Ş.,Karma Fon,2026-09-18T00:00:00.000Z,14753253278,227095,-28692060.844231997
ALS,ALLIANZ YAŞAM VE EMEKLİLİK A.Ş. DEĞİŞKEN EMEKLİLİK YATIRIM FONU,5,2,0,1,2,ALLIANZ YAŞAM VE EMEKLİLİK A.Ş.,Değişken Fon,2026-09-18T00:00:00.000Z,6465535247,158893,-959124.3913019999
ALU,ALLIANZ YAŞAM VE EMEKLİLİK A.Ş. KATILIM HİSSE SENEDİ EMEKLİLİK YATIRIM FONU,6,2,0,1,2,ALLIANZ YAŞAM VE EMEKLİLİK A.Ş.,Değişken Fon,2026-09-18T00:00:00.000Z,4077751300,181258,8482664.468674
AMG,ALLIANZ YAŞAM VE EMEKLİLİK A.Ş. BİRİNCİ KAMU DIŞ BORÇLANMA ARAÇLARI EMEKLİLİK YATIRIM FONU,5,1.88,0,1,3,ALLIANZ YAŞAM VE EMEKLİLİK A.Ş.,Kamu Yabancı Para (Döviz) Cinsinden Borçlanma Araç,2026-09-18T00:00:00.000Z,7358897056,250562,1679159.169324
AMR,ALLIANZ YAŞAM VE EMEKLİLİK A.Ş. KAMU DIŞ BORÇLANMA ARAÇLARI (ABD DOLARI 0-5 YIL VADELİ) EMEKLİLİK YATIRIM FONU,5,1.88,0,1,3,ALLIANZ YAŞAM VE EMEKLİLİK A.Ş.,Kamu Yabancı Para (Döviz) Cinsinden Borçlanma Araç,2026-09-18T00:00:00.000Z,3769521627,62443,8980022.909376
AMZ,ALLIANZ YAŞAM VE EMEKLİLİK A.Ş. ALTIN EMEKLİLİK YATIRIM FONU,6,1.05,0,1,1,ALLIANZ YAŞAM VE EMEKLİLİK A.Ş.,Altın Fonu,2026-09-18T00:00:00.000Z,142840568335,716668,54931140.13023
ANE,VIENNALIFE EMEKLİLİK VE HAYAT A.Ş. KARMA EMEKLİLİK YATIRIM FONU,4,1.73,0,1,1,VIENNALIFE EMEKLİLİK VE HAYAT A.Ş.,Karma Fon,2026-09-18T00:00:00.000Z,114928990,22212,34793.218828000005
ANG,VIENNALIFE EMEKLİLİK VE HAYAT A.Ş. STANDART EMEKLİLİK YATIRIM FONU,4,1.73,0,1,1,VIENNALIFE EMEKLİLİK VE HAYAT A.Ş.,Standart Fon,2026-09-18T00:00:00.000Z,136370586,32945,-250610.76945300002
ANJ,ALLIANZ YAŞAM VE EMEKLİLİK A.Ş. OKS DENGELİ DEĞİŞKEN EMEKLİLİK YATIRIM FONU,4,0.85,0,1,1,ALLIANZ YAŞAM VE EMEKLİLİK A.Ş.,Değişken Fon,2026-09-18T00:00:00.000Z,544800536,6844,84555.801038
ANP,ALLIANZ YAŞAM VE EMEKLİLİK A.Ş. OKS DİNAMİK DEĞİŞKEN EMEKLİLİK YATIRIM FONU,5,0.85,0,1,2,ALLIANZ YAŞAM VE EMEKLİLİK A.Ş.,Değişken Fon,2026-09-18T00:00:00.000Z,126131066,2222,244.91152
ANS,VIENNALIFE EMEKLİLİK VE HAYAT A.Ş. HİSSE SENEDİ EMEKLİLİK YATIRIM FONU,6,1.98,0,1,1,VIENNALIFE EMEKLİLİK VE HAYAT A.Ş.,Hisse Senedi Fonu,2026-09-18T00:00:00.000Z,147638022,13639,72071.86751499999
APG,ALLIANZ YAŞAM VE EMEKLİLİK A.Ş. YENİLENEBİLİR ENERJİ FON SEPETİ EMEKLİLİK YATIRIM FONU,6,0.75,0,1,3,ALLIANZ YAŞAM VE EMEKLİLİK A.Ş.,Fon Sepeti Fonu,2026-09-18T00:00:00.000Z,1361861206,80041,5758546.354505
ATE,ANADOLU HAYAT EMEKLİLİK A.Ş. İŞ BANKASI İŞTİRAK ENDEKSİ EMEKLİLİK YATIRIM FONU,7,1.89,0,1,2,ANADOLU HAYAT EMEKLİLİK A.Ş.,Endeks Fon,2026-09-18T00:00:00.000Z,3530978613,81074,3805935.1702019996
ATK,ANADOLU HAYAT EMEKLİLİK A.Ş. STANDART EMEKLİLİK YATIRIM FONU,4,1.85,0,1,1,ANADOLU HAYAT EMEKLİLİK A.Ş.,Standart Fon,2026-09-18T00:00:00.000Z,3220180325,157082,7789978.080247
AUA,ALLIANZ YAŞAM VE EMEKLİLİK A.Ş. FON SEPETİ EMEKLİLİK YATIRIM FONU,5,1.65,0,1,2,ALLIANZ YAŞAM VE EMEKLİLİK A.Ş.,Fon Sepeti Fonu,2026-09-18T00:00:00.000Z,3296118836,89992,-875557.111872
AUG,ALLIANZ HAYAT VE EMEKLİLİK A.Ş. İKİNCİ KARMA EMEKLİLİK YATIRIM FONU,5,1.85,0,1,3,ALLIANZ HAYAT VE EMEKLİLİK A.Ş.,Değişken Fon,2026-09-18T00:00:00.000Z,1406419902,33115,321721.865136
AVB,AGESA HAYAT VE EMEKLİLİK A.Ş. KAMU DIŞ BORÇLANMA ARAÇLARI (ABD DOLARI 5-15 YIL VADELİ) EMEKLİLİK YATIRIM FONU,6,1,0,1,2,AGESA HAYAT VE EMEKLİLİK A.Ş.,Dış Borçlanma Araçları Fonu,2026-09-18T00:00:00.000Z,15828414453,247311,-30452746.84142
AVD,AGESA HAYAT VE EMEKLİLİK A.Ş. KARMA EMEKLİLİK YATIRIM FONU,5,1.86,0,1,1,AGESA HAYAT VE EMEKLİLİK A.Ş.,Karma Fon,2026-09-18T00:00:00.000Z,2750811718,31640,-611847.108213
AVG,AGESA HAYAT VE EMEKLİLİK A.Ş. DIŞ BORÇLANMA ARAÇLARI EMEKLİLİK YATIRIM FONU,6,1.89,0,1,2,AGESA HAYAT VE EMEKLİLİK A.Ş.,Dış Borçlanma Araçları Fonu,2026-09-18T00:00:00.000Z,10375113129,176365,-12178502.70501
AVN,AGESA HAYAT VE EMEKLİLİK A.Ş. STANDART EMEKLİLİK YATIRIM FONU,4,1.86,0,1,1,AGESA HAYAT VE EMEKLİLİK A.Ş.,Standart Fon,2026-09-18T00:00:00.000Z,1485200218,31994,1348737.008632
AVO,AGESA HAYAT VE EMEKLİLİK A.Ş. ÖZEL SEKTÖR BORÇLANMA ARAÇLARI EMEKLİLİK YATIRIM FONU,1,1.9,0,1,1,AGESA HAYAT VE EMEKLİLİK A.Ş.,Özel Sektör Borçlanma Araçları Fonu,2026-09-18T00:00:00.000Z,9763435224,220560,14599285.69026
AVR,AGESA HAYAT VE EMEKLİLİK A.Ş. TEKNOLOJİ SEKTÖRÜ YABANCI DEĞİŞKEN EMEKLİLİK YATIRIM FONU,7,2.24,0,1,3,AGESA HAYAT VE EMEKLİLİK A.Ş.,Değişken Fon,2026-09-18T00:00:00.000Z,20581131961,331164,-13158463.181682
AYJ,AGESA HAYAT VE EMEKLİLİK A.Ş. OKS KATILIM STANDART EMEKLİLİK YATIRIM FONU,3,0.85,0,1,1,AGESA HAYAT VE EMEKLİLİK A.Ş.,OKS Katılım Standart Fon,2026-09-18T00:00:00.000Z,2618164699,453926,-593654.208948
AZD,ALLIANZ HAYAT VE EMEKLİLİK A.Ş. BİRİNCİ KARMA EMEKLİLİK YATIRIM FONU,4,1.85,0,1,3,ALLIANZ HAYAT VE EMEKLİLİK A.Ş.,Karma Fon,2026-09-18T00:00:00.000Z,9851985678,85162,45252843.924847
AZH,ALLIANZ HAYAT VE EMEKLİLİK A.Ş. HİSSE SENEDİ EMEKLİLİK YATIRIM FONU,6,2,0,1,2,ALLIANZ HAYAT VE EMEKLİLİK A.Ş.,Hisse Senedi Fonu,2026-09-18T00:00:00.000Z,29168644284,307441,5404956.513420001
AZK,ALLIANZ HAYAT VE EMEKLİLİK A.Ş. BORÇLANMA ARAÇLARI EMEKLİLİK YATIRIM FONU,3,1.85,0,1,1,ALLIANZ HAYAT VE EMEKLİLİK A.Ş.,Borçlanma Araçları Fonu,2026-09-18T00:00:00.000Z,7545791141,271768,-4949347.338135
AZS,ALLIANZ HAYAT VE EMEKLİLİK A.Ş. STANDART EMEKLİLİK YATIRIM FONU,4,1.83,0,1,1,ALLIANZ HAYAT VE EMEKLİLİK A.Ş.,Standart Fon,2026-09-18T00:00:00.000Z,1241679179,28257,1743123.581025
AZY,ALLIANZ HAYAT VE EMEKLİLİK A.Ş. TARIM VE GIDA FON SEPETİ EMEKLİLİK YATIRIM FONU,5,1,0,1,2,ALLIANZ HAYAT VE EMEKLİLİK A.Ş.,Fon Sepeti Fonu,2026-09-18T00:00:00.000Z,567703461,8769,2125212.825546
BAE,ALLIANZ YAŞAM VE EMEKLİLİK A.Ş. BORÇLANMA ARAÇLARI EMEKLİLİK YATIRIM FONU,3,1.85,0,1,1,ALLIANZ YAŞAM VE EMEKLİLİK A.Ş.,Belirtilmemiş,2026-09-18T00:00:00.000Z,19575605,0,104565.575625
BBD,BNP PARİBAS CARDİF EMEKLİLİK A.Ş. BIST30 DIŞI ŞİRKETLER HİSSE SENEDİ EMEKLİLİK YATIRIM FONU,6,2.08,0,1,2,BNP PARIBAS CARDIF EMEKLİLİK A.Ş.,Hisse Senedi Fonu,2026-09-18T00:00:00.000Z,80089820,1105,-108893.473038
BEE,HDI FİBA EMEKLİLİK VE HAYAT A.Ş. DENGELİ DEĞİŞKEN EMEKLİLİK YATIRIM FONU,5,2.24,0,1,1,HDI FİBA EMEKLİLİK VE HAYAT A.Ş.,Değişken Fon,2026-09-18T00:00:00.000Z,1154199340,16549,-5830205.2885799995
BEF,BEREKET EMEKLİLİK VE HAYAT A.Ş. OKS DİNAMİK KATILIM DEĞİŞKEN EMEKLİLİK YATIRIM FONU,5,0.85,0,1,2,BEREKET EMEKLİLİK VE HAYAT A.Ş.,Değişken Fon,2026-09-18T00:00:00.000Z,64862111,1050,94880.72605499999
BEH,HDI FİBA EMEKLİLİK VE HAYAT A.Ş. HİSSE SENEDİ EMEKLİLİK YATIRIM FONU,6,2.26,0,1,2,HDI FİBA EMEKLİLİK VE HAYAT A.Ş.,Hisse Senedi Fonu,2026-09-18T00:00:00.000Z,1382832064,20909,954856.792305
BEI,BEREKET EMEKLİLİK VE HAYAT A.Ş. OKS KATILIM STANDART EMEKLİLİK YATIRIM FONU,4,0.85,0,1,2,BEREKET EMEKLİLİK VE HAYAT A.Ş.,OKS Katılım Standart Fon,2026-09-18T00:00:00.000Z,585704289,24836,406893.211687
BEK,HDI FİBA EMEKLİLİK VE HAYAT A.Ş. FİBA PORTFÖY BORÇLANMA ARAÇLARI EMEKLİLİK YATIRIM FONU,3,1.9,0,1,1,HDI FİBA EMEKLİLİK VE HAYAT A.Ş.,Borçlanma Araçları Fonu,2026-09-18T00:00:00.000Z,548019075,34044,1452378.96206
BEO,BEREKET EMEKLİLİK VE HAYAT A.Ş. OKS AGRESİF KATILIM DEĞİŞKEN EMEKLİLİK YATIRIM FONU,6,0.85,0,1,2,BEREKET EMEKLİLİK VE HAYAT A.Ş.,Değişken Fon,2026-09-18T00:00:00.000Z,124669814,1426,-193704.22540499998
BGL,ANADOLU HAYAT EMEKLİLİK A.Ş. ALTIN EMEKLİLİK YATIRIM FONU,6,1.05,0,1,1,ANADOLU HAYAT EMEKLİLİK A.Ş.,Altın Fonu,2026-09-18T00:00:00.000Z,68881168017,795623,24731307.087705
BHK,BEREKET EMEKLİLİK VE HAYAT A.Ş. KİRA SERTİFİKALARI KATILIM EMEKLİLİK YATIRIM FONU,2,1.8615,0,1,1,BEREKET EMEKLİLİK VE HAYAT A.Ş.,Kira Sertifikasi Katılım Fonu,2026-09-18T00:00:00.000Z,149305132,1882,227357.39280000003
BHS,ANADOLU HAYAT EMEKLİLİK A.Ş. SÜRDÜRÜLEBİLİRLİK HİSSE SENEDİ EMEKLİLİK YATIRIM FONU,6,2.2,0,1,2,ANADOLU HAYAT EMEKLİLİK A.Ş.,Hisse Senedi Fonu,2026-09-18T00:00:00.000Z,1020204551,25068,-166041.07768000002
BHT,ANADOLU HAYAT EMEKLİLİK A.Ş. TEKNOLOJİ SEKTÖRÜ HİSSE SENEDİ EMEKLİLİK YATIRIM FONU,6,2.2,0,1,2,ANADOLU HAYAT EMEKLİLİK A.Ş.,Hisse Senedi Fonu,2026-09-18T00:00:00.000Z,5217610522,93275,4022091.2067380003
BNA,BNP PARIBAS CARDIF EMEKLİLİK A.Ş. ALTIN EMEKLİLİK YATIRIM FONU,6,1.02,0,1,1,BNP PARIBAS CARDIF EMEKLİLİK A.Ş.,Altın Fonu,2026-09-18T00:00:00.000Z,16434351090,151916,-18515374.16468
BNB,BNP PARIBAS CARDIF EMEKLİLİK A.Ş. MUTLAK GETİRİ HEDEFLİ DEĞİŞKEN EMEKLİLİK YATIRIM FONU,3,2.19,0,1,2,BNP PARIBAS CARDIF EMEKLİLİK A.Ş.,Değişken Fon,2026-09-18T00:00:00.000Z,2108578048,43888,-3482444.7986580003
BNL,BNP PARİBAS CARDİF EMEKLİLİK A.Ş. OKS STANDART EMEKLİLİK YATIRIM FONU,5,0.85,0,1,1,BNP PARIBAS CARDIF EMEKLİLİK A.Ş.,OKS Standart Fon,2026-09-18T00:00:00.000Z,976120451,149908,1032401.891623
BNO,ANADOLU HAYAT EMEKLİLİK A.Ş. TEMETTÜ ÖDEYEN ŞİRKETLER HİSSE SENEDİ EMEKLİLİK YATIRIM FONU,6,2.2,0,1,2,ANADOLU HAYAT EMEKLİLİK A.Ş.,Hisse Senedi Fonu,2026-09-18T00:00:00.000Z,1528432583,35901,6596798.561617
BNS,BNP PARIBAS CARDIF EMEKLİLİK A.Ş. STANDART EMEKLİLİK YATIRIM FONU,4,1.88,0,1,1,BNP PARIBAS CARDIF EMEKLİLİK A.Ş.,Standart Fon,2026-09-18T00:00:00.000Z,756586359,42148,-413643.34315000003
BNZ,BNP PARİBAS CARDİF EMEKLİLİK A.Ş. OKS KATILIM STANDART EMEKLİLİK YATIRIM FONU,5,0.85,0,1,1,BNP PARIBAS CARDIF EMEKLİLİK A.Ş.,OKS Katılım Standart Fon,2026-09-18T00:00:00.000Z,574811027,151248,-245592.3717
BPE,BNP PARIBAS CARDIF EMEKLİLİK A.Ş. DENGELİ DEĞİŞKEN EMEKLİLİK YATIRIM FONU,4,2.08,0,1,2,BNP PARIBAS CARDIF EMEKLİLİK A.Ş.,Değişken Fon,2026-09-18T00:00:00.000Z,1214824914,48270,-1261336.590213
BPG,BNP PARİBAS CARDİF EMEKLİLİK A.Ş. BORÇLANMA ARAÇLARI EMEKLİLİK YATIRIM FONU,4,1.88,0,1,1,BNP PARIBAS CARDIF EMEKLİLİK A.Ş.,Borçlanma Araçları Fonu,2026-09-18T00:00:00.000Z,1262440479,66681,1016818.0452970001
BPH,BNP PARIBAS CARDIF EMEKLİLİK A.Ş. HİSSE SENEDİ EMEKLİLİK YATIRIM FONU,7,2.08,0,1,2,BNP PARIBAS CARDIF EMEKLİLİK A.Ş.,Hisse Senedi Fonu,2026-09-18T00:00:00.000Z,4030018522,52008,-1409966.506809
BPI,BNP PARİBAS CARDİF EMEKLİLİK A.Ş. OKS AGRESİF DEĞİŞKEN EMEKLİLİK YATIRIM FONU,6,0.85,0,1,1,BNP PARIBAS CARDIF EMEKLİLİK A.Ş.,Değişken Fon,2026-09-18T00:00:00.000Z,162109575,940,73631.50365
BPJ,BNP PARİBAS CARDİF EMEKLİLİK A.Ş. OKS DENGELİ DEĞİŞKEN EMEKLİLİK YATIRIM FONU,4,0.85,0,1,1,BNP PARIBAS CARDIF EMEKLİLİK A.Ş.,Değişken Fon,2026-09-18T00:00:00.000Z,23311722,457,21558.929798
BPK,BNP PARIBAS CARDIF EMEKLİLİK A.Ş. İKİNCİ KAMU DIŞ BORÇLANMA ARAÇLARI (ABD DOLARI 0-5 YIL VADELİ) EMEKLİLİK YATIRIM FONU,6,1.84,0,1,3,BNP PARIBAS CARDIF EMEKLİLİK A.Ş.,Kamu Yabancı Para (Döviz) Cinsinden Borçlanma Araç,2026-09-18T00:00:00.000Z,895929722,20289,74559.112234
BPN,BNP PARİBAS CARDİF EMEKLİLİK A.Ş. OKS DİNAMİK DEĞİŞKEN EMEKLİLİK YATIRIM FONU,5,0.85,0,1,1,BNP PARIBAS CARDIF EMEKLİLİK A.Ş.,Değişken Fon,2026-09-18T00:00:00.000Z,41966080,620,83248.32977
BPO,BNP PARİBAS CARDİF EMEKLİLİK A.Ş. OKS DİNAMİK KATILIM DEĞİŞKEN EMEKLİLİK YATIRIM FONU,5,0.85,0,1,1,BNP PARIBAS CARDIF EMEKLİLİK A.Ş.,Değişken Fon,2026-09-18T00:00:00.000Z,94436062,942,148772.964228
BPR,BNP PARİBAS CARDİF EMEKLİLİK A.Ş. OKS MUHAFAZAKAR DEĞİŞKEN EMEKLİLİK YATIRIM FONU,2,0.85,0,1,1,BNP PARIBAS CARDIF EMEKLİLİK A.Ş.,Değişken Fon,2026-09-18T00:00:00.000Z,46226075,335,183178.57561200002
BPS,BNP PARİBAS CARDİF EMEKLİLİK A.Ş. OKS AGRESİF KATILIM DEĞİŞKEN EMEKLİLİK YATIRIM FONU,6,0.85,0,1,1,BNP PARIBAS CARDIF EMEKLİLİK A.Ş.,Değişken Fon,2026-09-18T00:00:00.000Z,221188378,1307,232788.172925
BPU,BNP PARIBAS CARDIF EMEKLİLİK A.Ş. BİRİNCİ KAMU DIŞ BORÇLANMA ARAÇLARI EMEKLİLİK YATIRIM FONU,6,1.84,0,1,3,BNP PARIBAS CARDIF EMEKLİLİK A.Ş.,Kamu Yabancı Para (Döviz) Cinsinden Borçlanma Araç,2026-09-18T00:00:00.000Z,2094892307,40338,-1265968.334091
BSR,BNP PARİBAS CARDİF EMEKLİLİK A.Ş. SÜRDÜRÜLEBİLİRLİK FON SEPETİ EMEKLİLİK YATIRIM FONU,6,1.78,0,1,3,BNP PARIBAS CARDIF EMEKLİLİK A.Ş.,Fon Sepeti Fonu,2026-09-18T00:00:00.000Z,66492776,1509,111936.947406
BZY,BNP PARİBAS CARDİF EMEKLİLİK A.Ş. TEKNOLOJİ SEKTÖRÜ DEĞİŞKEN EMEKLİLİK YATIRIM FONU,6,2.19,0,1,3,BNP PARIBAS CARDIF EMEKLİLİK A.Ş.,Değişken Fon,2026-09-18T00:00:00.000Z,2434186211,25906,-14697192.183516
CFA,QNB SAĞLIK HAYAT SİGORTA VE EMEKLİLİK A.Ş. ALTIN EMEKLİLİK YATIRIM FONU,6,1.05,0,1,1,QNB SAĞLIK HAYAT SİGORTA VE EMEKLİLİK A.Ş.,Altın Fonu,2026-09-18T00:00:00.000Z,6288887356,4582,5199468.185511
CFC,QNB SAĞLIK HAYAT SİGORTA VE EMEKLİLİK A.Ş. ORTA VADELİ BORÇLANMA ARAÇLARI EMEKLİLİK YATIRIM FONU,3,1.85,0,1,1,QNB SAĞLIK HAYAT SİGORTA VE EMEKLİLİK A.Ş.,Borçlanma Araçları Fonu,2026-09-18T00:00:00.000Z,77264261,314,24372.274268999998
CFD,QNB SAĞLIK HAYAT SİGORTA VE EMEKLİLİK A.Ş. DIŞ BORÇLANMA ARAÇLARI EMEKLİLİK YATIRIM FONU,6,1.85,0,1,3,QNB SAĞLIK HAYAT SİGORTA VE EMEKLİLİK A.Ş.,Dış Borçlanma Araçları Fonu,2026-09-18T00:00:00.000Z,199006617,1047,192642.30925
CFE,QNB SAĞLIK HAYAT SİGORTA VE EMEKLİLİK A.Ş. OKS KATILIM STANDART EMEKLİLİK YATIRIM FONU,3,0.85,0,1,1,QNB SAĞLIK HAYAT SİGORTA VE EMEKLİLİK A.Ş.,OKS Katılım Standart Fon,2026-09-18T00:00:00.000Z,248484733,66366,182319.77673
CHA,QNB SAĞLIK HAYAT SİGORTA VE EMEKLİLİK A.Ş. OKS DENGELİ DEĞİŞKEN EMEKLİLİK YATIRIM FONU,5,0.85,0,1,2,QNB SAĞLIK HAYAT SİGORTA VE EMEKLİLİK A.Ş.,Değişken Fon,2026-09-18T00:00:00.000Z,39011977,198,85955.493162
CHC,QNB SAĞLIK HAYAT SİGORTA VE EMEKLİLİK A.Ş. OKS MUHAFAZAKAR DEĞİŞKEN EMEKLİLİK YATIRIM FONU,3,0.85,0,1,2,QNB SAĞLIK HAYAT SİGORTA VE EMEKLİLİK A.Ş.,Değişken Fon,2026-09-18T00:00:00.000Z,65261206,89,-1128970.57392
CHD,QNB SAĞLIK HAYAT SİGORTA VE EMEKLİLİK A.Ş. OKS AGRESİF KATILIM DEĞİŞKEN EMEKLİLİK YATIRIM FONU,6,0.85,0,1,2,QNB SAĞLIK HAYAT SİGORTA VE EMEKLİLİK A.Ş.,Değişken Fon,2026-09-18T00:00:00.000Z,526485096,127,1715097.807643
CHG,QNB SAĞLIK HAYAT SİGORTA VE EMEKLİLİK A.Ş. OKS AGRESİF DEĞİŞKEN EMEKLİLİK YATIRIM FONU,6,0.85,0,1,2,QNB SAĞLIK HAYAT SİGORTA VE EMEKLİLİK A.Ş.,Değişken Fon,2026-09-18T00:00:00.000Z,282548438,356,1059299.490022
CHH,QNB SAĞLIK HAYAT SİGORTA VE EMEKLİLİK A.Ş. BİRİNCİ HİSSE SENEDİ EMEKLİLİK YATIRIM FONU,6,1.75,0,1,2,QNB SAĞLIK HAYAT SİGORTA VE EMEKLİLİK A.Ş.,Hisse Senedi Fonu,2026-09-18T00:00:00.000Z,1532344123,9986,-1449032.401173
CHI,QNB SAĞLIK HAYAT SİGORTA VE EMEKLİLİK A.Ş. OKS DİNAMİK KATILIM DEĞİŞKEN EMEKLİLİK YATIRIM FONU,5,0.85,0,1,2,QNB SAĞLIK HAYAT SİGORTA VE EMEKLİLİK A.Ş.,Değişken Fon,2026-09-18T00:00:00.000Z,51913684,90,185007.526826
CHK,QNB SAĞLIK HAYAT SİGORTA VE EMEKLİLİK A.Ş. BORÇLANMA ARAÇLARI EMEKLİLİK YATIRIM FONU,3,1.46,0,1,1,QNB SAĞLIK HAYAT SİGORTA VE EMEKLİLİK A.Ş.,Borçlanma Araçları Fonu,2026-09-18T00:00:00.000Z,700425862,28200,-189680.004633
CHM,QNB SAĞLIK HAYAT SİGORTA VE EMEKLİLİK A.Ş. DİNAMİK DEĞİŞKEN EMEKLİLİK YATIRIM FONU,6,1.75,0,1,2,QNB SAĞLIK HAYAT SİGORTA VE EMEKLİLİK A.Ş.,Değişken Fon,2026-09-18T00:00:00.000Z,511432842,5083,688347.9644579999
CHN,QNB SAĞLIK HAYAT SİGORTA VE EMEKLİLİK A.Ş. DENGELİ DEĞİŞKEN EMEKLİLİK YATIRIM FONU,5,1.75,0,1,2,QNB SAĞLIK HAYAT SİGORTA VE EMEKLİLİK A.Ş.,Değişken Fon,2026-09-18T00:00:00.000Z,500958476,23380,-235627.68099499997
CHO,QNB SAĞLIK HAYAT SİGORTA VE EMEKLİLİK A.Ş. OKS ATAK DEĞİŞKEN EMEKLİLİK YATIRIM FONU,6,0.85,0,1,2,QNB SAĞLIK HAYAT SİGORTA VE EMEKLİLİK A.Ş.,Değişken Fon,2026-09-18T00:00:00.000Z,62589783,248,350175.560568
CHS,QNB SAĞLIK HAYAT SİGORTA VE EMEKLİLİK A.Ş. STANDART EMEKLİLİK YATIRIM FONU,4,1.46,0,1,1,QNB SAĞLIK HAYAT SİGORTA VE EMEKLİLİK A.Ş.,Standart Fon,2026-09-18T00:00:00.000Z,168665152,3061,-6016.227260000001
CHU,QNB SAĞLIK HAYAT SİGORTA VE EMEKLİLİK A.Ş. OKS STANDART EMEKLİLİK YATIRIM FONU,4,0.85,0,1,1,QNB SAĞLIK HAYAT SİGORTA VE EMEKLİLİK A.Ş.,OKS Standart Fon,2026-09-18T00:00:00.000Z,410548986,66113,-221806.57723000002
EAE,AGESA HAYAT VE EMEKLİLİK A.Ş. ALTIN EMEKLİLİK YATIRIM FONU,6,1,0,1,1,AGESA HAYAT VE EMEKLİLİK A.Ş.,Altın Fonu,2026-09-18T00:00:00.000Z,7646972195,99127,14443772.660796
EHG,HDI FİBA EMEKLİLİK VE HAYAT A.Ş. OYAK  PORTFÖY DEĞİŞKEN EMEKLİLİK YATIRIM FONU,4,1,0,1,2,HDI FİBA EMEKLİLİK VE HAYAT A.Ş.,Değişken Fon,2026-09-18T00:00:00.000Z,272060548,6747,-569261.885941
EHK,AGESA HAYAT VE EMEKLİLİK A.Ş. KATILIM HİSSE SENEDİ EMEKLİLİK YATIRIM FONU,6,2.1,0,1,2,AGESA HAYAT VE EMEKLİLİK A.Ş.,Hisse Senedi Fonu,2026-09-18T00:00:00.000Z,995681294,13253,18976308.315054998
EIE,HDI FİBA EMEKLİLİK VE HAYAT A.Ş. ATAK DEĞİŞKEN EMEKLİLİK YATIRIM FONU,6,1.825,0,1,2,HDI FİBA EMEKLİLİK VE HAYAT A.Ş.,Değişken Fon,2026-09-18T00:00:00.000Z,1317939527,33293,1963725.371292
EIF,HDI FİBA EMEKLİLİK VE HAYAT A.Ş. OYAK  PORTFÖY KAMU DIŞ BORÇLANMA ARAÇLARI EMEKLİLİK YATIRIM FONU,6,1.825,0,1,3,HDI FİBA EMEKLİLİK VE HAYAT A.Ş.,Kamu Yabancı Para (Döviz) Cinsinden Borçlanma Araç,2026-09-18T00:00:00.000Z,723569151,19731,1539449.0403
EIG,HDI FİBA EMEKLİLİK VE HAYAT A.Ş. BORÇLANMA ARAÇLARI EMEKLİLİK YATIRIM FONU,3,1.825,0,1,1,HDI FİBA EMEKLİLİK VE HAYAT A.Ş.,Borçlanma Araçları Fonu,2026-09-18T00:00:00.000Z,227659705,16140,-324058.437108
EIH,HDI FİBA EMEKLİLİK VE HAYAT A.Ş. OYAK  PORTFÖY HİSSE SENEDİ EMEKLİLİK YATIRIM FONU,6,1.825,0,1,2,HDI FİBA EMEKLİLİK VE HAYAT A.Ş.,Hisse Senedi Fonu,2026-09-18T00:00:00.000Z,1574761155,23106,-6884646.543588
EIK,HDI FİBA EMEKLİLİK  VE HAYAT A.Ş. DIŞ BORÇLANMA ARAÇLARI EMEKLİLİK YATIRIM FONU,6,1.825,0,1,3,HDI FİBA EMEKLİLİK VE HAYAT A.Ş.,Dış Borçlanma Araçları Fonu,2026-09-18T00:00:00.000Z,1346170477,32200,-1234014.531113
EMI,ANADOLU HAYAT EMEKLİLİK A.Ş. EMLAK SEKTÖRÜ HİSSE SENEDİ EMEKLİLİK YATIRIM FONU,6,2.2,0,1,2,ANADOLU HAYAT EMEKLİLİK A.Ş.,Hisse Senedi Fonu,2026-09-18T00:00:00.000Z,90099006,3291,59589.366012
EMY,GARANTİ EMEKLİLİK VE HAYAT A.Ş. ALTIN EMEKLİLİK YATIRIM FONU,6,1.06,0,1,1,GARANTİ EMEKLİLİK VE HAYAT A.Ş.,Belirtilmemiş,2026-09-18T00:00:00.000Z,6626652190,113148,8078426.035
ENF,AGESA HAYAT VE EMEKLİLİK A.Ş. ENERJİ SEKTÖRÜ DEĞİŞKEN EMEKLİLİK YATIRIM FONU,5,2.1,0,1,3,AGESA HAYAT VE EMEKLİLİK A.Ş.,Değişken Fon,2026-09-18T00:00:00.000Z,1381383283,26010,-8100820.94512
EST,HDI FİBA EMEKLİLİK VE HAYAT A.Ş. OYAK PORTFÖY STANDART EMEKLİLİK YATIRIM FONU,4,1.825,0,1,1,HDI FİBA EMEKLİLİK VE HAYAT A.Ş.,Standart Fon,2026-09-18T00:00:00.000Z,222721047,5069,35735.936691
FEA,HDI FİBA EMEKLİLİK VE HAYAT A.Ş. ATLAS PORTFÖY ÖZEL SEKTÖR BORÇLANMA ARAÇLARI EMEKLİLİK YATIRIM FONU,1,1.5,0,1,2,HDI FİBA EMEKLİLİK VE HAYAT A.Ş.,Özel Sektör Borçlanma Araçları Fonu,2026-09-18T00:00:00.000Z,244952747,1166,-622141.3649640001
FEF,HDI FİBA EMEKLİLİK VE HAYAT A.Ş. TACİRLER PORTFÖY DEĞİŞKEN EMEKLİLİK YATIRIM FONU,6,1.81,0,1,1,HDI FİBA EMEKLİLİK VE HAYAT A.Ş.,Değişken Fon,2026-09-18T00:00:00.000Z,218320032,1794,293432.331115
FEN,HDI FİBA EMEKLİLİK VE HAYAT A.Ş. STANDART EMEKLİLİK YATIRIM FONU,4,1.88,0,1,1,HDI FİBA EMEKLİLİK VE HAYAT A.Ş.,Standart Fon,2026-09-18T00:00:00.000Z,48412265,6064,-48312.752640000006
FEO,HDI FİBA EMEKLİLİK VE HAYAT A.Ş. DİNAMİK DEĞİŞKEN EMEKLİLİK YATIRIM FONU,4,1.88,0,1,1,HDI FİBA EMEKLİLİK VE HAYAT A.Ş.,Değişken Fon,2026-09-18T00:00:00.000Z,137179408,1667,-110992.418208
FES,HDI FİBA EMEKLİLİK VE HAYAT A.Ş. TEMKİNLİ DEĞİŞKEN EMEKLİLİK YATIRIM FONU,3,2.23,0,1,2,HDI FİBA EMEKLİLİK VE HAYAT A.Ş.,Değişken Fon,2026-09-18T00:00:00.000Z,1632998439,32339,200225.49506000002
FFC,HDI FİBA EMEKLİLİK VE HAYAT A.Ş. TEKNOLOJİ SEKTÖRÜ DEĞİŞKEN EMEKLİLİK YATIRIM FONU,6,2.2,0,1,3,HDI FİBA EMEKLİLİK VE HAYAT A.Ş.,Değişken Fon,2026-09-18T00:00:00.000Z,3308892464,32529,1938418.72428
FFZ,HDI FİBA EMEKLİLİK VE HAYAT A.Ş. INVEO PORTFÖY FON SEPETİ EMEKLİLİK YATIRIM FONU,4,1.5,0,1,2,HDI FİBA EMEKLİLİK VE HAYAT A.Ş.,Fon Sepeti Fonu,2026-09-18T00:00:00.000Z,461378129,4226,-11720.824035
FGF,HDI FİBA EMEKLİLİK VE HAYAT A.Ş. OKS STANDART EMEKLİLİK YATIRIM FONU,3,0.85,0,1,1,HDI FİBA EMEKLİLİK VE HAYAT A.Ş.,OKS Standart Fon,2026-09-18T00:00:00.000Z,1164234293,189302,-2054358.970569
FGH,HDI FİBA EMEKLİLİK VE HAYAT A.Ş. OKS KATILIM STANDART EMEKLİLİK YATIRIM FONU,3,0.85,0,1,1,HDI FİBA EMEKLİLİK VE HAYAT A.Ş.,OKS Katılım Standart Fon,2026-09-18T00:00:00.000Z,444318825,119043,439500.698064
FIC,HDI FİBA EMEKLİLİK VE HAYAT A.Ş. OKS AGRESİF DEĞİŞKEN EMEKLİLİK YATIRIM FONU,5,0.85,0,1,1,HDI FİBA EMEKLİLİK VE HAYAT A.Ş.,Değişken Fon,2026-09-18T00:00:00.000Z,138281959,1790,-437673.71505
FIF,HDI FİBA EMEKLİLİK VE HAYAT A.Ş. İSTANBUL PORTFÖY DEĞİŞKEN EMEKLİLİK YATIRIM FONU,5,1.5,0,1,1,HDI FİBA EMEKLİLİK VE HAYAT A.Ş.,Değişken Fon,2026-09-18T00:00:00.000Z,549760230,5347,-1110302.496516
FIG,HDI FİBA EMEKLİLİK VE HAYAT A.Ş. OKS DENGELİ DEĞİŞKEN EMEKLİLİK YATIRIM FONU,5,0.85,0,1,1,HDI FİBA EMEKLİLİK VE HAYAT A.Ş.,Değişken Fon,2026-09-18T00:00:00.000Z,113582323,1607,-108002.30223999999
FIH,HDI FİBA EMEKLİLİK VE HAYAT A.Ş. OKS ATAK DEĞİŞKEN EMEKLİLİK YATIRIM FONU,4,0.85,0,1,1,HDI FİBA EMEKLİLİK VE HAYAT A.Ş.,Değişken Fon,2026-09-18T00:00:00.000Z,79680592,1260,-106891.61606999999
FIK,HDI FİBA EMEKLİLİK VE HAYAT A.Ş. FON SEPETİ EMEKLİLİK YATIRIM FONU,3,1,0,1,2,HDI FİBA EMEKLİLİK VE HAYAT A.Ş.,Fon Sepeti Fonu,2026-09-18T00:00:00.000Z,329849979,1669,864042.298233
FIM,HDI FİBA EMEKLİLİK VE HAYAT A.Ş. KATILIM DEĞİŞKEN EMEKLİLİK YATIRIM FONU,4,2.01,0,1,1,HDI FİBA EMEKLİLİK VE HAYAT A.Ş.,Değişken Fon,2026-09-18T00:00:00.000Z,93461050,2717,-122110.64521599999
FIR,HDI FİBA EMEKLİLİK VE HAYAT A.Ş. OSMANLI PORTFÖY DEĞİŞKEN EMEKLİLİK YATIRIM FONU,4,1.6,0,1,1,HDI FİBA EMEKLİLİK VE HAYAT A.Ş.,Değişken Fon,2026-09-18T00:00:00.000Z,566775233,5608,73176.863518
FIS,HDI FİBA EMEKLİLİK VE HAYAT A.Ş. KATILIM STANDART EMEKLİLİK YATIRIM FONU,3,1.88,0,1,1,HDI FİBA EMEKLİLİK VE HAYAT A.Ş.,Katılım Standart Fon,2026-09-18T00:00:00.000Z,21216582,1042,66120.283618
FIU,HDI FİBA EMEKLİLİK VE HAYAT A.Ş. OKS AGRESİF KATILIM DEĞİŞKEN EMEKLİLİK YATIRIM FONU,5,0.85,0,1,1,HDI FİBA EMEKLİLİK VE HAYAT A.Ş.,Değişken Fon,2026-09-18T00:00:00.000Z,84257619,1051,252799.075484
FIV,HDI FİBA EMEKLİLİK VE HAYAT A.Ş. OKS ATAK KATILIM DEĞİŞKEN EMEKLİLİK YATIRIM FONU,7,0.85,0,1,1,HDI FİBA EMEKLİLİK VE HAYAT A.Ş.,Değişken Fon,2026-09-18T00:00:00.000Z,54455505,852,2773.927176
FIZ,HDI FİBA EMEKLİLİK VE HAYAT A.Ş. OKS MUHAFAZAKAR DEĞİŞKEN EMEKLİLİK YATIRIM FONU,3,0.85,0,1,1,HDI FİBA EMEKLİLİK VE HAYAT A.Ş.,Değişken Fon,2026-09-18T00:00:00.000Z,83269709,1264,-402496.657992
FJG,HDI FİBA EMEKLİLİK VE HAYAT A.Ş. RE-PIE PORTFÖY DEĞİŞKEN EMEKLİLİK YATIRIM FONU,3,2.2,0,1,2,HDI FİBA EMEKLİLİK VE HAYAT A.Ş.,Değişken Fon,2026-09-18T00:00:00.000Z,1434718840,7933,-11084373.27348
FOA,ALLİANZ YAŞAM VE EMEKLİLİK A.Ş. AZİMUT FON SEPETİ EMEKLİLİK YATIRIM FONU,4,1.65,0,1,3,ALLIANZ YAŞAM VE EMEKLİLİK A.Ş.,Fon Sepeti Fonu,2026-09-18T00:00:00.000Z,361636965,4068,5048690.62093
FVI,HDI FİBA EMEKLİLİK VE HAYAT A.Ş. ESG SÜRDÜRÜLEBİLİRLİK FON SEPETİ EMEKLİLİK YATIRIM FONU,6,2.2,0,1,3,HDI FİBA EMEKLİLİK VE HAYAT A.Ş.,Fon Sepeti Fonu,2026-09-18T00:00:00.000Z,44983322,969,-23009.026212
FYN,AGESA HAYAT VE EMEKLİLİK A.Ş. KATILIM STANDART EMEKLİLİK YATIRIM FONU,3,1.86,0,1,1,AGESA HAYAT VE EMEKLİLİK A.Ş.,Katılım Standart Fon,2026-09-18T00:00:00.000Z,202726114,2496,4962198.523094
FYU,ALLIANZ YAŞAM VE EMEKLİLİK A.Ş. KATILIM STANDART EMEKLİLİK YATIRIM FONU,3,1.88,0,1,1,ALLIANZ YAŞAM VE EMEKLİLİK A.Ş.,Katılım Standart Fon,2026-09-18T00:00:00.000Z,556735732,7126,1595606.362329
GCK,GARANTİ EMEKLİLİK VE HAYAT A.Ş. OKS KATILIM STANDART EMEKLİLİK YATIRIM FONU,3,0.85,0,1,1,GARANTİ EMEKLİLİK VE HAYAT A.Ş.,OKS Katılım Standart Fon,2026-09-18T00:00:00.000Z,5650451569,747221,-2608831.748693
GCN,GARANTİ EMEKLİLİK VE HAYAT A.Ş. YENİ TEKNOLOJİLER HİSSE SENEDİ EMEKLİLİK YATIRIM FONU,5,2.23,0,1,3,GARANTİ EMEKLİLİK VE HAYAT A.Ş.,Hisse Senedi Fonu,2026-09-18T00:00:00.000Z,5920302329,74198,-8753908.19456
GCS,GARANTİ EMEKLİLİK VE HAYAT A.Ş. OKS STANDART EMEKLİLİK YATIRIM FONU,4,0.85,0,1,1,GARANTİ EMEKLİLİK VE HAYAT A.Ş.,OKS Standart Fon,2026-09-18T00:00:00.000Z,8080969446,966197,-1472677.049144
GCT,GARANTİ EMEKLİLİK VE HAYAT A.Ş. EMTİA FON SEPETİ EMEKLİLİK YATIRIM FONU,6,2.25,0,1,3,GARANTİ EMEKLİLİK VE HAYAT A.Ş.,Fon Sepeti Fonu,2026-09-18T00:00:00.000Z,4287939790,54643,-3488195.88325
GCY,GARANTİ EMEKLİLİK VE HAYAT A.Ş. KARMA EMEKLİLİK YATIRIM FONU,6,2.23,0,1,3,GARANTİ EMEKLİLİK VE HAYAT A.Ş.,Karma Fon,2026-09-18T00:00:00.000Z,3280869371,27649,-3561831.311724
GEA,GARANTİ EMEKLİLİK VE HAYAT A.Ş. KATILIM HİSSE SENEDİ EMEKLİLİK YATIRIM FONU,6,2.23,0,1,2,GARANTİ EMEKLİLİK VE HAYAT A.Ş.,Değişken Fon,2026-09-18T00:00:00.000Z,3973347748,69068,3160518.661944
GED,GARANTİ EMEKLİLİK VE HAYAT A.Ş. TEMETTÜ ÖDEYEN ŞİRKETLER HİSSE SENEDİ EMEKLİLİK YATIRIM FONU,6,1.5,0,1,2,GARANTİ EMEKLİLİK VE HAYAT A.Ş.,Hisse Senedi Fonu,2026-09-18T00:00:00.000Z,2266157888,40026,6318941.97099
GEH,GARANTİ EMEKLİLİK VE HAYAT A.Ş. HİSSE SENEDİ EMEKLİLİK YATIRIM FONU,6,2.23,0,1,2,GARANTİ EMEKLİLİK VE HAYAT A.Ş.,Hisse Senedi Fonu,2026-09-18T00:00:00.000Z,17156553180,268962,13043036.522297999
GEK,GARANTİ EMEKLİLİK VE HAYAT A.Ş. BORÇLANMA ARAÇLARI EMEKLİLİK YATIRIM FONU,3,1.88,0,1,1,GARANTİ EMEKLİLİK VE HAYAT A.Ş.,Borçlanma Araçları Fonu,2026-09-18T00:00:00.000Z,3723794168,156262,1655009.5411500002
GES,GARANTİ EMEKLİLİK VE HAYAT A.Ş. KATILIM STANDART EMEKLİLİK YATIRIM FONU,3,1.88,0,1,1,GARANTİ EMEKLİLİK VE HAYAT A.Ş.,Katılım Standart Fon,2026-09-18T00:00:00.000Z,1170341068,26200,-28149.43395
GEU,GARANTİ EMEKLİLİK VE HAYAT A.Ş. DEĞİŞKEN EMEKLİLİK YATIRIM FONU,5,1.5,0,1,3,GARANTİ EMEKLİLİK VE HAYAT A.Ş.,Değişken Fon,2026-09-18T00:00:00.000Z,4421642086,33063,-9333725.092011001
GEV,AGESA HAYAT VE EMEKLİLİK A.Ş. ALTIN KATILIM EMEKLİLİK YATIRIM FONU,6,1.05,0,1,1,AGESA HAYAT VE EMEKLİLİK A.Ş.,Altın Katılım Fonu,2026-09-18T00:00:00.000Z,174325938047,1215339,-145932310.288856
GFH,AGESA HAYAT VE EMEKLİLİK A.Ş. SÜRDÜRÜLEBİLİRLİK HİSSE SENEDİ EMEKLİLİK YATIRIM FONU,6,2.2,0,1,2,AGESA HAYAT VE EMEKLİLİK A.Ş.,Hisse Senedi Fonu,2026-09-18T00:00:00.000Z,1817666054,86948,-3780540.7346759997
GGJ,GARANTİ EMEKLİLİK VE HAYAT A.Ş. GÜMÜŞ FON SEPETİ EMEKLİLİK YATIRIM FONU,7,2.2,0,1,3,GARANTİ EMEKLİLİK VE HAYAT A.Ş.,Fon Sepeti Fonu,2026-09-18T00:00:00.000Z,8639909476,141444,-14496352.408623999
GHA,GARANTİ EMEKLİLİK VE HAYAT A.Ş. ALTIN KATILIM EMEKLİLİK YATIRIM FONU,6,1.06,0,1,1,GARANTİ EMEKLİLİK VE HAYAT A.Ş.,Altın Katılım Fonu,2026-09-18T00:00:00.000Z,118803507971,839710,-65328295.437056005
GHD,GARANTİ EMEKLİLİK VE HAYAT A.Ş. STANDART EMEKLİLİK YATIRIM FONU,4,1.88,0,1,1,GARANTİ EMEKLİLİK VE HAYAT A.Ş.,Standart Fon,2026-09-18T00:00:00.000Z,3930835915,189721,4771323.22002
GHE,GARANTİ EMEKLİLİK VE HAYAT A.Ş. DİNAMİK DEĞİŞKEN EMEKLİLİK YATIRIM FONU,5,2.01,0,1,2,GARANTİ EMEKLİLİK VE HAYAT A.Ş.,Değişken Fon,2026-09-18T00:00:00.000Z,2833624598,47235,1751528.591908
GHG,GARANTİ EMEKLİLİK VE HAYAT A.Ş. DIŞ BORÇLANMA ARAÇLARI EMEKLİLİK YATIRIM FONU,5,1.5,0,1,3,GARANTİ EMEKLİLİK VE HAYAT A.Ş.,Dış Borçlanma Araçları Fonu,2026-09-18T00:00:00.000Z,5883246125,58694,-15854139.979475
GHH,GARANTİ EMEKLİLİK VE HAYAT A.Ş. SÜRDÜRÜLEBİLİRLİK HİSSE SENEDİ EMEKLİLİK YATIRIM FONU,6,2.23,0,1,2,GARANTİ EMEKLİLİK VE HAYAT A.Ş.,Hisse Senedi Fonu,2026-09-18T00:00:00.000Z,7304189255,175192,-426847.26351900003
GHJ,GARANTİ EMEKLİLİK VE HAYAT A.Ş. OKS AGRESİF DEĞİŞKEN EMEKLİLİK YATIRIM FONU,6,0.85,0,1,2,GARANTİ EMEKLİLİK VE HAYAT A.Ş.,Değişken Fon,2026-09-18T00:00:00.000Z,888995588,10219,448738.576819
GHM,GARANTİ EMEKLİLİK VE HAYAT A.Ş. OKS DİNAMİK DEĞİŞKEN EMEKLİLİK YATIRIM FONU,6,0.85,0,1,2,GARANTİ EMEKLİLİK VE HAYAT A.Ş.,Değişken Fon,2026-09-18T00:00:00.000Z,574449806,7292,130179.717156
GHN,GARANTİ EMEKLİLİK VE HAYAT A.Ş. OKS DENGELİ DEĞİŞKEN EMEKLİLİK YATIRIM FONU,4,0.85,0,1,2,GARANTİ EMEKLİLİK VE HAYAT A.Ş.,Değişken Fon,2026-09-18T00:00:00.000Z,522674233,7468,592635.6654299999
GHO,GARANTİ EMEKLİLİK VE HAYAT A.Ş. ÜÇÜNCÜ DEĞİŞKEN EMEKLİLİK YATIRIM FONU,6,1.88,0,1,3,GARANTİ EMEKLİLİK VE HAYAT A.Ş.,Değişken Fon,2026-09-18T00:00:00.000Z,12483923375,176603,-12973188.269676
GHP,GARANTİ EMEKLİLİK VE HAYAT A.Ş. OKS TEMKİNLİ DEĞİŞKEN EMEKLİLİK YATIRIM FONU,3,0.85,0,1,1,GARANTİ EMEKLİLİK VE HAYAT A.Ş.,Değişken Fon,2026-09-18T00:00:00.000Z,526586381,6864,97291.52047999999
GHT,GARANTİ EMEKLİLİK VE HAYAT A.Ş. DENGELİ DEĞİŞKEN EMEKLİLİK YATIRIM FONU,4,2.23,0,1,2,GARANTİ EMEKLİLİK VE HAYAT A.Ş.,Değişken Fon,2026-09-18T00:00:00.000Z,11123876164,398834,-2256856.96614
GHU,GARANTİ EMEKLİLİK VE HAYAT A.Ş. OKS AGRESİF KATILIM DEĞİŞKEN EMEKLİLİK YATIRIM FONU,6,0.85,0,1,2,GARANTİ EMEKLİLİK VE HAYAT A.Ş.,Değişken Fon,2026-09-18T00:00:00.000Z,1412860332,19886,214335.38197299998
GHV,GARANTİ EMEKLİLİK VE HAYAT A.Ş. OKS DENGELİ KATILIM DEĞİŞKEN EMEKLİLİK YATIRIM FONU,3,0.85,0,1,2,GARANTİ EMEKLİLİK VE HAYAT A.Ş.,Değişken Fon,2026-09-18T00:00:00.000Z,370029311,9080,106974.047052
GHY,GARANTİ EMEKLİLİK VE HAYAT A.Ş. OKS DİNAMİK KATILIM DEĞİŞKEN EMEKLİLİK YATIRIM FONU,5,0.85,0,1,2,GARANTİ EMEKLİLİK VE HAYAT A.Ş.,Değişken Fon,2026-09-18T00:00:00.000Z,779341412,14730,-803994.573342
GHZ,GARANTİ EMEKLİLİK VE HAYAT A.Ş. OKS TEMKİNLİ KATILIM DEĞİŞKEN EMEKLİLİK YATIRIM FONU,1,0.85,0,1,2,GARANTİ EMEKLİLİK VE HAYAT A.Ş.,Değişken Fon,2026-09-18T00:00:00.000Z,310377438,7435,-99275.71840000001
GKB,GARANTİ EMEKLİLİK VE HAYAT A.Ş. KİRA SERTİFİKALARI KATILIM EMEKLİLİK YATIRIM FONU,2,1.88,0,1,1,GARANTİ EMEKLİLİK VE HAYAT A.Ş.,Kira Sertifikasi Katılım Fonu,2026-09-18T00:00:00.000Z,2822752149,53615,688288.8878459999
GMF,ANADOLU HAYAT EMEKLİLİK A.Ş. GÜMÜŞ FON SEPETİ EMEKLİLİK YATIRIM FONU,6,2.2,0,1,3,ANADOLU HAYAT EMEKLİLİK A.Ş.,Fon Sepeti Fonu,2026-09-18T00:00:00.000Z,20012061150,175576,-51720400.804152
GRA,HDI FİBA EMEKLİLİK VE HAYAT A.Ş. ALTIN EMEKLİLİK YATIRIM FONU,6,1.07,0,1,1,HDI FİBA EMEKLİLİK VE HAYAT A.Ş.,Altın Fonu,2026-09-18T00:00:00.000Z,10642555057,77873,-9431313.726395
HEA,AXA HAYAT VE EMEKLİLİK A.Ş. ALTIN KATILIM EMEKLİLİK YATIRIM FONU,6,1.01,0,1,1,AXA HAYAT VE EMEKLİLİK A.Ş.,Altın Katılım Fonu,2026-09-18T00:00:00.000Z,5243989326,81317,-307807.637896
HEB,AXA HAYAT VE EMEKLİLİK A.Ş. DEĞİŞKEN EMEKLİLİK YATIRIM FONU,4,2.21,0,1,1,AXA HAYAT VE EMEKLİLİK A.Ş.,Değişken Fon,2026-09-18T00:00:00.000Z,498431201,11795,940274.1043080001
HEC,AXA HAYAT VE EMEKLİLİK A.Ş. OKS STANDART EMEKLİLİK YATIRIM FONU,4,0.85,0,1,1,AXA HAYAT VE EMEKLİLİK A.Ş.,OKS Standart Fon,2026-09-18T00:00:00.000Z,518098063,70996,353913.629685
HED,AXA HAYAT VE EMEKLİLİK A.Ş. KAMU DIŞ BORÇLANMA ARAÇLARI EMEKLİLİK YATIRIM FONU,6,1.01,0,1,3,AXA HAYAT VE EMEKLİLİK A.Ş.,Kamu Yabancı Para (Döviz) Cinsinden Borçlanma Araç,2026-09-18T00:00:00.000Z,791152897,22000,-521270.45455799997
HEE,AXA HAYAT VE EMEKLİLİK A.Ş. KATILIM DEĞİŞKEN EMEKLİLİK YATIRIM FONU,3,2.21,0,1,1,AXA HAYAT VE EMEKLİLİK A.Ş.,Değişken Fon,2026-09-18T00:00:00.000Z,97272874,2787,-108125.23926399999
HEI,AXA HAYAT VE EMEKLİLİK A.Ş. OKS KATILIM STANDART EMEKLİLİK YATIRIM FONU,3,0.85,0,1,1,AXA HAYAT VE EMEKLİLİK A.Ş.,OKS Katılım Standart Fon,2026-09-18T00:00:00.000Z,433420471,81029,367145.69909999997
HEK,AXA HAYAT VE EMEKLİLİK A.Ş. STANDART EMEKLİLİK YATIRIM FONU,4,1.84,0,1,1,AXA HAYAT VE EMEKLİLİK A.Ş.,Standart Fon,2026-09-18T00:00:00.000Z,527520849,19944,-140265.541062
HES,AXA HAYAT VE EMEKLİLİK A.Ş. HİSSE SENEDİ EMEKLİLİK YATIRIM FONU,6,2.21,0,1,2,AXA HAYAT VE EMEKLİLİK A.Ş.,Hisse Senedi Fonu,2026-09-18T00:00:00.000Z,5513919498,27545,-5831347.325925
HFS,ALLIANZ HAYAT VE EMEKLİLİK A.Ş. HSBC FON SEPETİ EMEKLİLİK YATIRIM FONU,5,1.65,0,1,2,ALLIANZ HAYAT VE EMEKLİLİK A.Ş.,Fon Sepeti Fonu,2026-09-18T00:00:00.000Z,2075809843,2113,13639008.900897
HHB,TÜRKİYE HAYAT VE EMEKLİLİK A.Ş. BIST-30 DIŞI ŞİRKETLER HİSSE SENEDİ EMEKLİLİK YATIRIM FONU,6,2.0805,0,1,2,TÜRKİYE HAYAT VE EMEKLİLİK A.Ş.,Hisse Senedi Fonu,2026-09-18T00:00:00.000Z,1386664595,41488,637484.35228
HHM,TÜRKİYE HAYAT VE EMEKLİLİK A.Ş. TEKNOLOJİ SEKTÖRÜ KATILIM EMEKLİLİK YATIRIM FONU,6,2.1973,0,1,2,TÜRKİYE HAYAT VE EMEKLİLİK A.Ş.,Katılım Değişken Fon,2026-09-18T00:00:00.000Z,1163989901,29924,37523.475964
HHY,TÜRKİYE HAYAT VE EMEKLİLİK A.Ş. KARMA EMEKLİLİK YATIRIM FONU,5,1.752,0,1,3,TÜRKİYE HAYAT VE EMEKLİLİK A.Ş.,Karma Fon,2026-09-18T00:00:00.000Z,3295933271,83045,-6493172.065894
HS1,ANADOLU HAYAT EMEKLİLİK A.Ş. BORÇLANMA ARAÇLARI EMEKLİLİK YATIRIM FONU,3,1.85,0,1,1,ANADOLU HAYAT EMEKLİLİK A.Ş.,Borçlanma Araçları Fonu,2026-09-18T00:00:00.000Z,717520311,24036,-251413.365672
HSR,ALLIANZ YAŞAM VE EMEKLİLİK A.Ş. HİSSE SENEDİ EMEKLİLİK YATIRIM FONU,6,2,0,1,2,ALLIANZ YAŞAM VE EMEKLİLİK A.Ş.,Hisse Senedi Fonu,2026-09-18T00:00:00.000Z,9511907818,91162,969204.547713
IEA,ZURICH YAŞAM VE EMEKLİLİK A.Ş. DEĞİŞKEN EMEKLİLİK YATIRIM FONU,5,2.19,0,1,3,ZURİCH YAŞAM VE EMEKLİLİK A.Ş.,Değişken Fon,2026-09-18T00:00:00.000Z,2938051670,69513,-1791582.0627660002
IEB,ZURİCH YAŞAM VE EMEKLİLİK A.Ş. STANDART EMEKLİLİK YATIRIM FONU,4,1.83,0,1,1,ZURİCH YAŞAM VE EMEKLİLİK A.Ş.,Standart Fon,2026-09-18T00:00:00.000Z,588079891,95584,503785.84624499996
IEE,ZURİCH YAŞAM VE EMEKLİLİK A.Ş. DENGELİ DEĞİŞKEN EMEKLİLİK YATIRIM FONU,5,2.18,0,1,2,ZURİCH YAŞAM VE EMEKLİLİK A.Ş.,Değişken Fon,2026-09-18T00:00:00.000Z,1566832204,110138,293999.333492
IEF,ZURİCH YAŞAM VE EMEKLİLİK A.Ş. DİNAMİK DEĞİŞKEN EMEKLİLİK YATIRIM FONU,6,2.2,0,1,2,ZURİCH YAŞAM VE EMEKLİLİK A.Ş.,Değişken Fon,2026-09-18T00:00:00.000Z,804450083,37440,257404.415694
IEG,ZURICH YAŞAM VE EMEKLİLİK A.Ş. BORÇLANMA ARAÇLARI EMEKLİLİK YATIRIM FONU,3,1.88,0,1,1,ZURİCH YAŞAM VE EMEKLİLİK A.Ş.,Borçlanma Araçları Fonu,2026-09-18T00:00:00.000Z,810729915,86039,-4307853.714984001
IEH,ZURİCH YAŞAM VE EMEKLİLİK A.Ş. HİSSE SENEDİ EMEKLİLİK YATIRIM FONU,6,2.13,0,1,2,ZURİCH YAŞAM VE EMEKLİLİK A.Ş.,Hisse Senedi Fonu,2026-09-18T00:00:00.000Z,4254380167,55997,6382583.321351999
IEK,ZURİCH YAŞAM VE EMEKLİLİK A.Ş. KARMA EMEKLİLİK YATIRIM FONU,4,2.2,0,1,2,ZURİCH YAŞAM VE EMEKLİLİK A.Ş.,Karma Fon,2026-09-18T00:00:00.000Z,704343589,82233,24400.703691
KEB,KATILIM EMEKLİLİK VE HAYAT A.Ş. KATILIM STANDART EMEKLİLİK YATIRIM FONU,3,1.88,0,1,1,KATILIM EMEKLİLİK VE HAYAT A.Ş,Katılım Standart Fon,2026-09-18T00:00:00.000Z,5510775095,346654,9811305.240352001
KED,KATILIM EMEKLİLİK VE HAYAT A.Ş. GENÇLERE YÖNELİK ATAK KATILIM DEĞİŞKEN EMEKLİLİK YATIRIM FONU,4,2.26,0,1,2,KATILIM EMEKLİLİK VE HAYAT A.Ş,Katılım Değişken Fon,2026-09-18T00:00:00.000Z,602440875,27609,6305426.042874
KEF,KATILIM EMEKLİLİK VE HAYAT A.Ş. ALTIN KATILIM EMEKLİLİK YATIRIM FONU,6,1.06,0,1,1,KATILIM EMEKLİLİK VE HAYAT A.Ş,Altın Katılım Fonu,2026-09-18T00:00:00.000Z,33170143842,708511,48618744.772571005
KEG,KATILIM EMEKLİLİK VE HAYAT A.Ş. DENGELİ KATILIM DEĞİŞKEN EMEKLİLİK YATIRIM FONU,4,2.25,0,1,2,KATILIM EMEKLİLİK VE HAYAT A.Ş,Değişken Fon,2026-09-18T00:00:00.000Z,2250444205,107103,-177064.005682
KEH,KATILIM EMEKLİLİK VE HAYAT A.Ş. KATILIM HİSSE SENEDİ EMEKLİLİK YATIRIM FONU,5,2.25,0,1,2,KATILIM EMEKLİLİK VE HAYAT A.Ş,Hisse Senedi Fonu,2026-09-18T00:00:00.000Z,7317927915,145270,20527458.211257
KES,KATILIM EMEKLİLİK VE HAYAT A.Ş AGRESİF KATILIM DEĞİŞKEN (DÖVİZ) EMEKLİLİK YATIRIM FONU,5,2.26,0,1,3,KATILIM EMEKLİLİK VE HAYAT A.Ş,Değişken Fon,2026-09-18T00:00:00.000Z,2299120522,111288,-468036.89137800003
KET,KATILIM EMEKLİLİK VE HAYAT A.Ş. OKS ATAK KATILIM DEĞİŞKEN EMEKLİLİK YATIRIM FONU,4,0.85,0,1,2,KATILIM EMEKLİLİK VE HAYAT A.Ş,Değişken Fon,2026-09-18T00:00:00.000Z,265333661,2788,1390519.5904
KEZ,KATILIM EMEKLİLİK VE HAYAT A.Ş. OKS AGRESİF KATILIM DEĞİŞKEN EMEKLİLİK YATIRIM FONU,5,0.85,0,1,2,KATILIM EMEKLİLİK VE HAYAT A.Ş,Değişken Fon,2026-09-18T00:00:00.000Z,943800721,4292,1407833.1516999998
KFE,KATILIM EMEKLİLİK VE HAYAT A.Ş. KUVEYT TÜRK KATILIM FON SEPETİ EMEKLİLİK YATIRIM FONU,4,2.2,0,1,2,KATILIM EMEKLİLİK VE HAYAT A.Ş,Fon Sepeti Fonu,2026-09-18T00:00:00.000Z,133356678,5053,709128.8152879999
KGC,KATILIM EMEKLİLİK VE HAYAT A.Ş. GÜMÜŞ KATILIM EMEKLİLİK YATIRIM FONU,6,1.06,0,1,1,KATILIM EMEKLİLİK VE HAYAT A.Ş,Katılım Fonu,2026-09-18T00:00:00.000Z,2704761363,38074,-368238.447147
KHL,ANADOLU HAYAT EMEKLİLİK A.Ş. KATILIM HİSSE SENEDİ EMEKLİLİK YATIRIM FONU,6,2.1,0,1,2,ANADOLU HAYAT EMEKLİLİK A.Ş.,Katılım Hisse Senedi Fonu,2026-09-18T00:00:00.000Z,353547617,7428,12076740.173072
KJM,KATILIM EMEKLİLİK VE HAYAT A.Ş. KIYMETLİ MADENLER KATILIM EMEKLİLİK YATIRIM FONU,6,1.06,0,1,1,KATILIM EMEKLİLİK VE HAYAT A.Ş,Katılım Fonu,2026-09-18T00:00:00.000Z,6457267323,116189,529499.876466
KKS,KATILIM EMEKLİLİK VE HAYAT A.Ş. KİRA SERTİFİKALARI KATILIM EMEKLİLİK YATIRIM FONU,4,1.88,0,1,1,KATILIM EMEKLİLİK VE HAYAT A.Ş,Kira Sertifikasi Katılım Fonu,2026-09-18T00:00:00.000Z,793319735,28022,-5889927.3314970005
KKV,KATILIM EMEKLİLİK VE HAYAT A.Ş. KISA VADELİ KİRA SERTİFİKALARI KATILIM EMEKLİLİK YATIRIM FONU,2,1.86,0,1,1,KATILIM EMEKLİLİK VE HAYAT A.Ş,Kira Sertifikasi Katılım Fonu,2026-09-18T00:00:00.000Z,1571882890,12552,3674942.258533
KLT,KATILIM EMEKLİLİK VE HAYAT A.Ş. TEMETTÜ ÖDEYEN ŞİRKETLER KATILIM HİSSE SENEDİ EMEKLİLİK YATIRIM FONU,6,2.26,0,1,2,KATILIM EMEKLİLİK VE HAYAT A.Ş,Hisse Senedi Fonu,2026-09-18T00:00:00.000Z,1624771665,36379,4186942.8092799997
KLV,KATILIM EMEKLİLİK VE HAYAT A.Ş. KATILIM KARMA EMEKLİLİK YATIRIM FONU,4,2.2,0,1,1,KATILIM EMEKLİLİK VE HAYAT A.Ş,Belirtilmemiş,2026-09-18T00:00:00.000Z,119192405,3891,5020760.534663999
KML,AGESA HAYAT VE EMEKLİLİK A.Ş. KIYMETLİ MADENLER EMEKLİLİK YATIRIM FONU,6,1,0,1,1,AGESA HAYAT VE EMEKLİLİK A.Ş.,Kıymetli Madenler,2026-09-18T00:00:00.000Z,17852700186,184096,3071551.979584
KMP,HDI FİBA EMEKLİLİK VE HAYAT A.Ş. KIYMETLİ MADENLER EMEKLİLİK YATIRIM FONU,6,1.06,0,1,1,HDI FİBA EMEKLİLİK VE HAYAT A.Ş.,Kıymetli Madenler,2026-09-18T00:00:00.000Z,359399157,2095,7912815.029305999
KOA,ALLIANZ YAŞAM VE EMEKLİLİK A.Ş. OKS STANDART EMEKLİLİK YATIRIM FONU,4,0.85,0,1,1,ALLIANZ YAŞAM VE EMEKLİLİK A.Ş.,OKS Standart Fon,2026-09-18T00:00:00.000Z,4190383920,398494,-1528471.688062
KOS,ALLIANZ YAŞAM VE EMEKLİLİK A.Ş. OKS KATILIM STANDART EMEKLİLİK YATIRIM FONU,3,0.85,0,1,1,ALLIANZ YAŞAM VE EMEKLİLİK A.Ş.,OKS Katılım Standart Fon,2026-09-18T00:00:00.000Z,4130974484,548308,-820705.526292
KRM,TÜRKİYE HAYAT VE EMEKLİLİK A.Ş. KATILIM KARMA EMEKLİLİK YATIRIM FONU,3,2.2,0,1,2,TÜRKİYE HAYAT VE EMEKLİLİK A.Ş.,Karma Fon,2026-09-18T00:00:00.000Z,1446248316,39251,4266023.250252
KRU,ANADOLU HAYAT EMEKLİLİK A.Ş. KİRA SERTİFİKALARI KATILIM EMEKLİLİK YATIRIM FONU,2,1.85,0,1,2,ANADOLU HAYAT EMEKLİLİK A.Ş.,Kira Sertifikasi Katılım Fonu,2026-09-18T00:00:00.000Z,632921717,6566,3725846.843172
KSH,KATILIM EMEKLİLİK VE HAYAT A.Ş. TEKNOLOJİ SEKTÖRÜ KATILIM EMEKLİLİK YATIRIM FONU,5,2.2,0,1,2,KATILIM EMEKLİLİK VE HAYAT A.Ş,Katılım Fonu,2026-09-18T00:00:00.000Z,927303599,18797,-2860416.00516
KSU,KATILIM EMEKLİLİK VE HAYAT A.Ş. SÜRDÜRÜLEBİLİRLİK KATILIM EMEKLİLİK YATIRIM FONU,5,2.23,0,1,2,KATILIM EMEKLİLİK VE HAYAT A.Ş,Katılım Fonu,2026-09-18T00:00:00.000Z,401734874,12560,-2454469.39457
KTZ,KATILIM EMEKLİLİK VE HAYAT A.Ş OKS KATILIM STANDART EMEKLİLİK YATIRIM FONU,4,0.85,0,1,1,KATILIM EMEKLİLİK VE HAYAT A.Ş,OKS Katılım Standart Fon,2026-09-18T00:00:00.000Z,2292643377,360949,-614341.318976
MDD,ANADOLU HAYAT EMEKLİLİK A.Ş. MERKEZİ ALACAĞIN DEVRİ DENGELİ DEĞİŞKEN EMEKLİLİK YATIRIM FONU,3,1.35,0,1,1,ANADOLU HAYAT EMEKLİLİK A.Ş.,Merkezi Alacağın Devri Fonu,2026-09-18T00:00:00.000Z,233867089,499,1136820.200559
MDE,TÜRKİYE HAYAT VE EMEKLİLİK A.Ş. MERKEZİ ALACAĞIN DEVRİ TEMKİNLİ DEĞİŞKEN EYF,3,1.25,0,1,1,TÜRKİYE HAYAT VE EMEKLİLİK A.Ş.,Merkezi Alacağın Devri Fonu,2026-09-18T00:00:00.000Z,243223695,556,2642655.932922
MDK,ANADOLU HAYAT EMEKLİLİK A.Ş. MERKEZİ ALACAĞIN DEVRİ MUHAFAZAKAR KATILIM DEĞİŞKEN EMEKLİLİK YATIRIM FONU,2,1.35,0,1,2,ANADOLU HAYAT EMEKLİLİK A.Ş.,Merkezi Alacağın Devri Fonu,2026-09-18T00:00:00.000Z,30139757,27,-200854.46102400002
MEA,METLİFE EMEKLİLİK VE HAYAT A.Ş.ALTIN KATILIM EMEKLİLİK YATIRIM FONU,6,1.05,0,1,1,METLİFE EMEKLİLİK VE HAYAT A.Ş.,Altın Katılım Fonu,2026-09-18T00:00:00.000Z,11293681513,182451,-18865628.374856997
MEB,METLİFE EMEKLİLİK VE HAYAT A.Ş. BORÇLANMA ARAÇLARI EMEKLİLİK YATIRIM FONU,4,1.86,0,1,1,METLİFE EMEKLİLİK VE HAYAT A.Ş.,Borçlanma Araçları Fonu,2026-09-18T00:00:00.000Z,72220090,4013,544406.247386
MEV,METLİFE EMEKLİLİK VE HAYAT A.Ş. TEKNOLOJİ FON SEPETİ EMEKLİLİK YATIRIM FONU,6,1.55,0,1,3,METLİFE EMEKLİLİK VE HAYAT A.Ş.,Fon Sepeti Fonu,2026-09-18T00:00:00.000Z,618824628,22788,-582112.29717
MEY,METLİFE EMEKLİLİK VE HAYAT A.Ş. SÜRDÜRÜLEBİLİRLİK FON SEPETİ EMEKLİLİK YATIRIM FONU,5,1.55,0,1,3,METLİFE EMEKLİLİK VE HAYAT A.Ş.,Fon Sepeti Fonu,2026-09-18T00:00:00.000Z,103494875,11216,-13688.193365000001
MHD,METLİFE EMEKLİLİK VE HAYAT A.Ş. KAMU DIŞ BORÇLANMA ARAÇLARI (ABD DOLARI 0-5 YIL VADELİ) EMEKLİLİK YATIRIM FONU,6,1.86,0,1,3,METLİFE EMEKLİLİK VE HAYAT A.Ş.,Kamu Yabancı Para (Döviz) Cinsinden Borçlanma Araç,2026-09-18T00:00:00.000Z,2151985096,72132,6883625.178507
MHE,METLİFE EMEKLİLİK VE HAYAT A.Ş. MUTLAK GETİRİ HEDEFLİ DEĞİŞKEN EMEKLİLİK YATIRIM FONU,4,2.21,0,1,2,METLİFE EMEKLİLİK VE HAYAT A.Ş.,Değişken Fon,2026-09-18T00:00:00.000Z,1270238561,55656,-278416.565728
MHH,METLİFE EMEKLİLİK VE HAYAT A.Ş. HİSSE SENEDİ EMEKLİLİK YATIRIM FONU,6,2.21,0,1,2,METLİFE EMEKLİLİK VE HAYAT A.Ş.,Hisse Senedi Fonu,2026-09-18T00:00:00.000Z,2163922594,50517,-1604816.724888
MHI,METLİFE EMEKLİLİK VE HAYAT A.Ş. OKS KATILIM STANDART EMEKLİLİK YATIRIM FONU,3,0.85,0,1,1,METLİFE EMEKLİLİK VE HAYAT A.Ş.,OKS Katılım Standart Fon,2026-09-18T00:00:00.000Z,845442668,200918,-535193.67903
MHK,METLİFE EMEKLİLİK VE HAYAT A.Ş. STANDART EMEKLİLİK YATIRIM FONU,4,1.86,0,1,1,METLİFE EMEKLİLİK VE HAYAT A.Ş.,Standart Fon,2026-09-18T00:00:00.000Z,2693573355,136756,-2878888.901466
MHM,METLİFE EMEKLİLİK VE HAYAT A.Ş. OKS TEMKİNLİ DEGİŞKEN EMEKLİLİK YATIRIM FONU,2,0.85,0,1,1,METLİFE EMEKLİLİK VE HAYAT A.Ş.,Değişken Fon,2026-09-18T00:00:00.000Z,83263070,677,94327.92976099999
MHN,METLİFE EMEKLİLİK VE HAYAT A.Ş. OKS DENGELİ DEGİŞKEN EMEKLİLİK YATIRIM FONU,4,0.85,0,1,2,METLİFE EMEKLİLİK VE HAYAT A.Ş.,Değişken Fon,2026-09-18T00:00:00.000Z,35784707,420,7082.234433
MHO,METLİFE EMEKLİLİK VE HAYAT A.Ş. OKS ATAK DEGİŞKEN EMEKLİLİK YATIRIM FONU,5,0.85,0,1,2,METLİFE EMEKLİLİK VE HAYAT A.Ş.,Değişken Fon,2026-09-18T00:00:00.000Z,54831399,512,399336.726715
MHR,METLİFE EMEKLİLİK VE HAYAT A.Ş. OKS AGRESİF DEGİŞKEN EMEKLİLİK  YATIRIM FONU,6,0.85,0,1,2,METLİFE EMEKLİLİK VE HAYAT A.Ş.,Değişken Fon,2026-09-18T00:00:00.000Z,67245694,546,36551.476588
MHS,METLİFE EMEKLİLİK VE HAYAT A.Ş. KATILIM STANDART EMEKLİLİK YATIRIM FONU,3,1.86,0,1,1,METLİFE EMEKLİLİK VE HAYAT A.Ş.,Katılım Standart Fon,2026-09-18T00:00:00.000Z,78972885,2866,-150078.272582
MHU,METLİFE EMEKLİLİK VE HAYAT A.Ş. OKS ATAK KATILIM DEGİŞKEN EMEKLİLİK YATIRIM FONU,5,0.85,0,1,2,METLİFE EMEKLİLİK VE HAYAT A.Ş.,Değişken Fon,2026-09-18T00:00:00.000Z,35833701,519,243749.01804
MHV,METLİFE EMEKLİLİK VE HAYAT A.Ş. OKS AGRESİF KATILIM DEGİŞKEN EMEKLİLİK YATIRIM FONU,6,0.85,0,1,2,METLİFE EMEKLİLİK VE HAYAT A.Ş.,Değişken Fon,2026-09-18T00:00:00.000Z,51337625,574,198270.68194799998
MHZ,METLİFE EMEKLİLİK VE HAYAT A.Ş. OKS STANDART EMEKLİLİK YATIRIM FONU,4,0.85,0,1,1,METLİFE EMEKLİLİK VE HAYAT A.Ş.,OKS Standart Fon,2026-09-18T00:00:00.000Z,715219087,127886,-119616.46639599999
MZL,AGESA HAYAT VE EMEKLİLİK A.Ş. İKİNCİ FON SEPETİ EMEKLİLİK YATIRIM FONU,5,2.25,0,1,3,AGESA HAYAT VE EMEKLİLİK A.Ş.,Fon Sepeti Fonu,2026-09-18T00:00:00.000Z,8349042510,152017,20989389.741345
MZN,AGESA HAYAT VE EMEKLİLİK A.Ş. BİRİNCİ FON SEPETİ EMEKLİLİK YATIRIM FONU,4,2.25,0,1,2,AGESA HAYAT VE EMEKLİLİK A.Ş.,Fon Sepeti Fonu,2026-09-18T00:00:00.000Z,7564940757,100986,12935723.970498
MZP,AGESA HAYAT VE EMEKLİLİK A.Ş. ÜÇÜNCÜ FON SEPETİ EMEKLİLİK YATIRIM FONU,5,2.25,0,1,3,AGESA HAYAT VE EMEKLİLİK A.Ş.,Fon Sepeti Fonu,2026-09-18T00:00:00.000Z,5760314013,123685,5944827.47239
NHA,ZURİCH YAŞAM VE EMEKLİLİK A.Ş. ALTIN EMEKLİLİK YATIRIM FONU,6,1.05,0,1,1,ZURİCH YAŞAM VE EMEKLİLİK A.Ş.,Altın Fonu,2026-09-18T00:00:00.000Z,22638705848,120202,-22127562.255966
NHM,ZURİCH YAŞAM VE EMEKLİLİK A.Ş. TEMKİNLİ DEĞİŞKEN EMEKLİLİK YATIRIM FONU,2,2.2,0,1,2,ZURİCH YAŞAM VE EMEKLİLİK A.Ş.,Değişken Fon,2026-09-18T00:00:00.000Z,669874999,9125,2144566.743725
NHN,ZURİCH YAŞAM VE EMEKLİLİK A.Ş. İKİNCİ DEĞİŞKEN EMEKLİLİK YATIRIM FONU,6,2.2,0,1,2,ZURİCH YAŞAM VE EMEKLİLİK A.Ş.,Değişken Fon,2026-09-18T00:00:00.000Z,5383949236,27951,-3708299.7663600002
NZA,ALLİANZ YAŞAM VE EMEKLİLİK A.Ş. ALTIN KATILIM EMEKLİLİK YATIRIM FONU,6,1.05,0,1,1,ALLIANZ YAŞAM VE EMEKLİLİK A.Ş.,Altın Katılım Fonu,2026-09-18T00:00:00.000Z,1021440713,6644,3643715.8986939997
RZM,AXA HAYAT VE EMEKLİLİK A.Ş. KATILIM STANDART EMEKLİLİK YATIRIM FONU,3,1.84,0,1,1,AXA HAYAT VE EMEKLİLİK A.Ş.,Katılım Standart Fon,2026-09-18T00:00:00.000Z,79086388,2590,369963.20669
RZN,AXA HAYAT VE EMEKLİLİK A.Ş. FON SEPETİ EMEKLİLİK YATIRIM FONU,3,2,0,1,1,AXA HAYAT VE EMEKLİLİK A.Ş.,Fon Sepeti Fonu,2026-09-18T00:00:00.000Z,214970668,4825,363187.27012400003
SBA,AGESA HAYAT VE EMEKLİLİK A.Ş. SABANCI TOPLULUĞU ŞİRKETLERİ ENDEKSİ EMEKLİLİK YATIRIM FONU,5,1.8,0,1,2,AGESA HAYAT VE EMEKLİLİK A.Ş.,Endeks Fon,2026-09-18T00:00:00.000Z,361742125,16695,-1948358.2177030002
SSH,HDI FİBA EMEKLİLİK VE HAYAT A.Ş. SANAYİ ŞİRKETLERİ HİSSE SENEDİ EMEKLİLİK YATIRIM FONU,6,2.2,0,1,2,HDI FİBA EMEKLİLİK VE HAYAT A.Ş.,Hisse Senedi Fonu,2026-09-18T00:00:00.000Z,91524416,838,493774.70341400005
TBJ,TÜRKİYE HAYAT VE EMEKLİLİK A.Ş. TEKNOLOJİ SEKTÖRÜ HİSSE SENEDİ EMEKLİLİK YATIRIM FONU,6,2.0805,0,1,2,TÜRKİYE HAYAT VE EMEKLİLİK A.Ş.,Hisse Senedi Fonu,2026-09-18T00:00:00.000Z,5095272313,144698,-3834464.06126
THE,TÜRKİYE HAYAT VE EMEKLİLİK A.Ş. TARIM VE GIDA FON SEPETİ EMEKLİLİK YATIRIM FONU,5,2.15,0,1,3,TÜRKİYE HAYAT VE EMEKLİLİK A.Ş.,Fon Sepeti Fonu,2026-09-18T00:00:00.000Z,1237051526,63204,28167023.26099
THK,TÜRKİYE HAYAT VE EMEKLİLİK A.Ş. KİRA SERTİFİKALARI KATILIM EMEKLİLİK YATIRIM FONU,2,1.8,0,1,1,TÜRKİYE HAYAT VE EMEKLİLİK A.Ş.,Kira Sertifikasi Katılım Fonu,2026-09-18T00:00:00.000Z,2041473618,30706,16321722.595463
TJY,TÜRKİYE HAYAT VE EMEKLİLİK A.Ş. ÜÇÜNCÜ YAŞAM DÖNGÜSÜ EMEKLİLİK YATIRIM FONU,2,2.1535,0,1,2,TÜRKİYE HAYAT VE EMEKLİLİK A.Ş.,Yaşam Döngüsü/Hedef Fon,2026-09-18T00:00:00.000Z,444407695,11211,5272177.380953
TML,TÜRKİYE HAYAT VE EMEKLİLİK A.Ş. BİRİNCİ YAŞAM DÖNGÜSÜ EMEKLİLİK YATIRIM FONU,5,2.1535,0,1,2,TÜRKİYE HAYAT VE EMEKLİLİK A.Ş.,Yaşam Döngüsü/Hedef Fon,2026-09-18T00:00:00.000Z,127351074,4578,386171.12318399997
TMN,TÜRKİYE HAYAT VE EMEKLİLİK A.Ş. MERKEZİ ALACAĞIN DEVRİ DENGELİ KATILIM DEĞİŞKEN EYF,4,1.25,0,1,2,TÜRKİYE HAYAT VE EMEKLİLİK A.Ş.,Merkezi Alacağın Devri Fonu,2026-09-18T00:00:00.000Z,217474712,358,-239596.01354
TNE,GARANTİ EMEKLİLİK VE HAYAT A.Ş. TEMİZ ENERJİ SEKTÖRÜ HİSSE SENEDİ EMEKLİLİK YATIRIM FONU,5,2.23,0,1,2,GARANTİ EMEKLİLİK VE HAYAT A.Ş.,Belirtilmemiş,2026-09-18T00:00:00.000Z,65347911,1500,693127.92352
TSZ,AGESA HAYAT VE EMEKLİLİK A.Ş. TAŞINMAZ VE İNŞAAT SEKTÖRÜ DEĞİŞKEN EMEKLİLİK YATIRIM FONU,5,2.1,0,1,2,AGESA HAYAT VE EMEKLİLİK A.Ş.,Değişken Fon,2026-09-18T00:00:00.000Z,204672661,6400,-198462.243729
TVC,AGESA HAYAT VE EMEKLİLİK A.Ş. TARIM VE GIDA SEKTÖRÜ DEĞİŞKEN EMEKLİLİK YATIRIM FONU,5,2.1,0,1,2,AGESA HAYAT VE EMEKLİLİK A.Ş.,Değişken Fon,2026-09-18T00:00:00.000Z,350972423,7606,236224.791
TVG,ANADOLU HAYAT EMEKLİLİK A.Ş. TARIM VE GIDA FON SEPETİ EMEKLİLİK YATIRIM FONU,5,2.2,0,1,3,ANADOLU HAYAT EMEKLİLİK A.Ş.,Fon Sepeti Fonu,2026-09-18T00:00:00.000Z,662551883,14270,9128819.638298
TVH,AGESA HAYAT VE EMEKLİLİK A.Ş. TEKNOLOJİ ŞİRKETLERİ HİSSE SENEDİ EMEKLİLİK YATIRIM FONU,6,2.1,0,1,2,AGESA HAYAT VE EMEKLİLİK A.Ş.,Hisse Senedi Fonu,2026-09-18T00:00:00.000Z,1306471952,26201,-11142794.58526
TYJ,TÜRKİYE HAYAT VE EMEKLİLİK A.Ş. İKİNCİ YAŞAM DÖNGÜSÜ EMEKLİLİK YATIRIM FONU,4,2.1535,0,1,2,TÜRKİYE HAYAT VE EMEKLİLİK A.Ş.,Yaşam Döngüsü/Hedef Fon,2026-09-18T00:00:00.000Z,132409032,4817,845230.138698
VEB,TÜRKİYE HAYAT VE EMEKLİLİK A.Ş. KATILIM DENGELİ DEĞİŞKEN EMEKLİLİK YATIRIM FONU,5,1.8323,0,1,2,TÜRKİYE HAYAT VE EMEKLİLİK A.Ş.,Katılım Değişken Fon,2026-09-18T00:00:00.000Z,1957773223,45691,4750505.6375
VED,TÜRKİYE HAYAT VE EMEKLİLİK A.Ş. OKS MUHAFAZAKAR KATILIM DEĞİŞKEN EMEKLİLİK YATIRIM FONU,2,0.85,0,1,2,TÜRKİYE HAYAT VE EMEKLİLİK A.Ş.,Katılım Değişken Fon,2026-09-18T00:00:00.000Z,1157909944,22252,5636637.294595
VEG,TÜRKİYE HAYAT VE EMEKLİLİK A.Ş. BİRİNCİ DEĞİŞKEN EMEKLİLİK YATIRIM FONU,5,2.0075,0,1,3,TÜRKİYE HAYAT VE EMEKLİLİK A.Ş.,Değişken Fon,2026-09-18T00:00:00.000Z,1340044530,29361,-2998499.3984959996
VEH,TÜRKİYE HAYAT VE EMEKLİLİK A.Ş. HİSSE SENEDİ EMEKLİLİK YATIRIM FONU,6,2.0805,0,1,2,TÜRKİYE HAYAT VE EMEKLİLİK A.Ş.,Hisse Senedi Fonu,2026-09-18T00:00:00.000Z,11840844507,229995,27603186.670176
VEK,TÜRKİYE HAYAT VE EMEKLİLİK A.Ş. STANDART EMEKLİLİK YATIRIM FONU,4,1.8615,0,1,1,TÜRKİYE HAYAT VE EMEKLİLİK A.Ş.,Standart Fon,2026-09-18T00:00:00.000Z,7811204454,412169,141754.43047999998
VEO,TÜRKİYE HAYAT VE EMEKLİLİK A.Ş. OKS AGRESİF KATILIM DEĞİŞKEN EMEKLİLİK YATIRIM FONU,6,0.85,0,1,2,TÜRKİYE HAYAT VE EMEKLİLİK A.Ş.,Katılım Değişken Fon,2026-09-18T00:00:00.000Z,4510627668,66417,19514463.591762
VEP,TÜRKİYE HAYAT VE EMEKLİLİK A.Ş. OKS TEMKİNLİ DEĞİŞKEN EMEKLİLİK YATIRIM FONU,3,0.85,0,1,2,TÜRKİYE HAYAT VE EMEKLİLİK A.Ş.,Değişken Fon,2026-09-18T00:00:00.000Z,451823443,8038,2828776.441941
VES,TÜRKİYE HAYAT VE EMEKLİLİK A.Ş. BORÇLANMA ARAÇLARI EMEKLİLİK YATIRIM FONU,3,1.86,0,1,1,TÜRKİYE HAYAT VE EMEKLİLİK A.Ş.,Borçlanma Araçları Fonu,2026-09-18T00:00:00.000Z,11893127711,136319,-72235248.996044
VET,TÜRKİYE HAYAT VE EMEKLİLİK A.Ş. KAMU DIŞ BORÇLANMA ARAÇLARI EMEKLİLİK YATIRIM FONU,6,1.8615,0,1,3,TÜRKİYE HAYAT VE EMEKLİLİK A.Ş.,Kamu Yabancı Para (Döviz) Cinsinden Borçlanma Araç,2026-09-18T00:00:00.000Z,12902496551,319670,13747120.255527
VEU,TÜRKİYE HAYAT VE EMEKLİLİK A.Ş. TEMKİNLİ DEĞİŞKEN EMEKLİLİK YATIRIM FONU,3,1.752,0,1,2,TÜRKİYE HAYAT VE EMEKLİLİK A.Ş.,Değişken Fon,2026-09-18T00:00:00.000Z,4327331728,87286,-2497036.5504
VEV,TÜRKİYE HAYAT VE EMEKLİLİK A.Ş. OKS DENGELİ DEĞİŞKEN EMEKLİLİK YATIRIM FONU,5,0.85,0,1,2,TÜRKİYE HAYAT VE EMEKLİLİK A.Ş.,Değişken Fon,2026-09-18T00:00:00.000Z,457372848,8002,2625668.142196
VGA,TÜRKİYE HAYAT VE EMEKLİLİK A.Ş. ALTIN KATILIM EMEKLİLİK YATIRIM FONU,6,0.9125,0,1,1,TÜRKİYE HAYAT VE EMEKLİLİK A.Ş.,Altın Katılım Fonu,2026-09-18T00:00:00.000Z,249607302920,1998051,398385544.95303595
VGB,TÜRKİYE HAYAT VE EMEKLİLİK A.Ş. KATILIM STANDART EMEKLİLİK YATIRIM FONU,3,1.8615,0,1,1,TÜRKİYE HAYAT VE EMEKLİLİK A.Ş.,Katılım Standart Fon,2026-09-18T00:00:00.000Z,3994601551,107692,14703640.461731
VGC,TÜRKİYE HAYAT VE EMEKLİLİK A.Ş.OKS  DİNAMİK DEĞİŞKEN EMEKLİLİK YATIRIM FONU,6,0.85,0,1,2,TÜRKİYE HAYAT VE EMEKLİLİK A.Ş.,Değişken Fon,2026-09-18T00:00:00.000Z,665494926,10367,1606765.8254220001
VGD,TÜRKİYE HAYAT VE EMEKLİLİK A.Ş. KIYMETLİ MADENLER KATILIM EMEKLİLİK YATIRIM FONU,6,1.0038,0,1,1,TÜRKİYE HAYAT VE EMEKLİLİK A.Ş.,Kıymetli Madenler,2026-09-18T00:00:00.000Z,21401359897,292728,6971364.299745
VGE,TÜRKİYE HAYAT VE EMEKLİLİK A.Ş. GÜMÜŞ KATILIM EMEKLİLİK YATIRIM FONU,6,1.0038,0,1,1,TÜRKİYE HAYAT VE EMEKLİLİK A.Ş.,Değişken Fon,2026-09-18T00:00:00.000Z,1745911199,27517,10830076.116288
VGF,TÜRKİYE HAYAT VE EMEKLİLİK A.Ş. OKS AGRESİF DEĞİŞKEN EMEKLİLİK YATIRIM FONU,6,0.85,0,1,2,TÜRKİYE HAYAT VE EMEKLİLİK A.Ş.,Değişken Fon,2026-09-18T00:00:00.000Z,1304297156,15157,5535599.543087999
VGG,TÜRKİYE HAYAT VE EMEKLİLİK A.Ş. OKS DENGELİ KATILIM DEĞİŞKEN EMEKLİLİK YATIRIM FONU,4,0.85,0,1,2,TÜRKİYE HAYAT VE EMEKLİLİK A.Ş.,Katılım Değişken Fon,2026-09-18T00:00:00.000Z,1218412535,26384,5345913.095822001
VGH,TÜRKİYE HAYAT VE EMEKLİLİK A.Ş. OKS  ATAK KATILIM DEĞİŞKEN EMEKLİLİK YATIRIM FONU,5,0.85,0,1,2,TÜRKİYE HAYAT VE EMEKLİLİK A.Ş.,Katılım Değişken Fon,2026-09-18T00:00:00.000Z,2695591540,49262,10582785.346385999
VGK,TÜRKİYE HAYAT VE EMEKLİLİK A.Ş. OKS KATILIM STANDART EMEKLİLİK YATIRIM FONU,4,0.85,0,1,1,TÜRKİYE HAYAT VE EMEKLİLİK A.Ş.,OKS Katılım Standart Fon,2026-09-18T00:00:00.000Z,38972104700,1990321,282691342.989909
VGZ,TÜRKİYE HAYAT VE EMEKLİLİK A.Ş. OKS STANDART EMEKLİLİK YATIRIM FONU,4,0.85,0,1,1,TÜRKİYE HAYAT VE EMEKLİLİK A.Ş.,OKS Standart Fon,2026-09-18T00:00:00.000Z,9793221082,675289,46577275.965045
VVA,AGESA HAYAT VE EMEKLİLİK A.Ş. OKS AGRESİF DEĞİŞKEN EMEKLİLİK YATIRIM FONU,6,0.85,0,1,2,AGESA HAYAT VE EMEKLİLİK A.Ş.,Değişken Fon,2026-09-18T00:00:00.000Z,918577515,10128,-551133.9857190001
VVD,AGESA HAYAT VE EMEKLİLİK A.Ş. OKS DİNAMİK DEĞİŞKEN EMEKLİLİK YATIRIM FONU,5,0.85,0,1,1,AGESA HAYAT VE EMEKLİLİK A.Ş.,Değişken Fon,2026-09-18T00:00:00.000Z,475990858,7013,-222623.44566
VVE,AGESA HAYAT VE EMEKLİLİK A.Ş. OKS DENGELİ DEĞİŞKEN EMEKLİLİK YATIRIM FONU,4,0.85,0,1,1,AGESA HAYAT VE EMEKLİLİK A.Ş.,Değişken Fon,2026-09-18T00:00:00.000Z,455976428,7362,-467445.612554
VVM,AGESA HAYAT VE EMEKLİLİK A.Ş. OKS MUHAFAZAKAR DEĞİŞKEN EMEKLİLİK YATIRIM FONU,2,0.85,0,1,1,AGESA HAYAT VE EMEKLİLİK A.Ş.,Değişken Fon,2026-09-18T00:00:00.000Z,426278704,6991,-200550.956196
VVU,AGESA HAYAT VE EMEKLİLİK A.Ş. OKS DİNAMİK KATILIM DEĞİŞKEN EMEKLİLİK YATIRIM FONU,5,0.85,0,1,1,AGESA HAYAT VE EMEKLİLİK A.Ş.,Değişken Fon,2026-09-18T00:00:00.000Z,370443900,5709,-261385.08033599998
VVZ,AGESA HAYAT VE EMEKLİLİK A.Ş. OKS AGRESİF KATILIM DEĞİŞKEN EMEKLİLİK YATIRIM FONU,6,0.85,0,1,2,AGESA HAYAT VE EMEKLİLİK A.Ş.,Değişken Fon,2026-09-18T00:00:00.000Z,657067360,6401,-16208.41519
VYB,TÜRKİYE HAYAT VE EMEKLİLİK A.Ş. KATILIM HİSSE SENEDİ EMEKLİLİK YATIRIM FONU,6,2.1973,0,1,2,TÜRKİYE HAYAT VE EMEKLİLİK A.Ş.,Hisse Senedi Fonu,2026-09-18T00:00:00.000Z,3354366651,71120,17054994.415866
YZD,ALLIANZ YAŞAM VE EMEKLİLİK A.Ş. TEKNOLOJİ SEKTÖRÜ FON SEPETİ EMEKLİLİK YATIRIM FONU,4,1.65,0,1,3,ALLIANZ YAŞAM VE EMEKLİLİK A.Ş.,Fon Sepeti Fonu,2026-09-18T00:00:00.000Z,5890798459,58149,24247308.613783002
ZHB,TÜRKİYE HAYAT VE EMEKLİLİK A.Ş. SÜRDÜRÜLEBİLİRLİK HİSSE SENEDİ EMEKLİLİK YATIRIM FONU,5,2.0805,0,1,2,TÜRKİYE HAYAT VE EMEKLİLİK A.Ş.,Hisse Senedi Fonu,2026-09-18T00:00:00.000Z,4268747077,199696,631126.970333
ZHD,TÜRKİYE HAYAT VE EMEKLİLİK A.Ş. KAMU DIŞ KİRA SERTİFİKALARI KATILIM EMEKLİLİK YATIRIM FONU,6,1.8615,0,1,3,TÜRKİYE HAYAT VE EMEKLİLİK A.Ş.,Kira Sertifikasi Katılım Fonu,2026-09-18T00:00:00.000Z,1930523983,59982,2488464.7034400003
ZHE,TÜRKİYE HAYAT VE EMEKLİLİK A.Ş. DENGELİ DEĞİŞKEN EMEKLİLİK YATIRIM FONU,6,2.1535,0,1,2,TÜRKİYE HAYAT VE EMEKLİLİK A.Ş.,Değişken Fon,2026-09-18T00:00:00.000Z,13506821116,495074,2170561.545984
ZHF,TÜRKİYE HAYAT VE EMEKLİLİK A.Ş. KATILIM TEMKİNLİ DEĞİŞKEN EMEKLİLİK YATIRIM FONU,3,2.23,0,1,2,TÜRKİYE HAYAT VE EMEKLİLİK A.Ş.,Katılım Değişken Fon,2026-09-18T00:00:00.000Z,1770404424,44150,1382335.446464
ZHG,TÜRKİYE HAYAT VE EMEKLİLİK A.Ş. KAMU BORÇLANMA ARAÇLARI EMEKLİLİK YATIRIM FONU,3,1.88,0,1,1,TÜRKİYE HAYAT VE EMEKLİLİK A.Ş.,Kamu Borçlanma Araçları Fonu,2026-09-18T00:00:00.000Z,4098880932,314302,2923879.5022050003
