fon_kodu,unvan,risk_seviyesi,yonetim_ucreti,pys,kategori,fon_buyuklugu,yatirimci_sayisi
ACV,ALLIANZ YAŞAM VE EMEKLİLİK A.Ş. BAŞLANGIÇ KATILIM EMEKLİLİK YATIRIM FONU,1,0.85,ALLIANZ YAŞAM VE EMEKLİLİK A.Ş.,Başlangıç Katılım Fonu,773639229,142359
AE1,AGESA HAYAT VE EMEKLİLİK A.Ş. BİRİNCİ PARA PİYASASI EMEKLİLİK YATIRIM FONU,2,1.05,AGESA HAYAT VE EMEKLİLİK A.Ş.,Para Piyasası Fonu,75271809732,555136
AE4,AGESA HAYAT VE EMEKLİLİK A.Ş. BİRİNCİ DEĞİŞKEN EMEKLİLİK YATIRIM FONU,6,,AGESA HAYAT VE EMEKLİLİK A.Ş.,Değişken Fon,3477622637,106904
AEB,AGESA HAYAT VE EMEKLİLİK A.Ş. HİSSE SENEDİ GRUP EMEKLİLİK YATIRIM FONU,6,1,AGESA HAYAT VE EMEKLİLİK A.Ş.,Hisse Senedi Fonu,2594906994,33026
AEC,ALLIANZ YAŞAM VE EMEKLİLİK A.Ş. UNİLEVER BİRİNCİ DEĞİŞKEN GRUP EMEKLİLİK YATIRIM FONU,3,0.75,ALLIANZ YAŞAM VE EMEKLİLİK A.Ş.,Değişken Fon,38314964,98
AEG,AGESA HAYAT VE EMEKLİLİK A.Ş. MUHAFAZAKAR DEĞİŞKEN EMEKLİLİK YATIRIM FONU,2,,AGESA HAYAT VE EMEKLİLİK A.Ş.,Değişken Fon,508208567,8563
AEI,AGESA HAYAT VE EMEKLİLİK A.Ş. KATKI EMEKLİLİK YATIRIM FONU,5,0.355,AGESA HAYAT VE EMEKLİLİK A.Ş.,Devlet Katkısı Fonu,54042500984,1983679
AEK,AGESA HAYAT VE EMEKLİLİK A.Ş. BORÇLANMA ARAÇLARI GRUP EMEKLİLİK YATIRIM FONU,3,1,AGESA HAYAT VE EMEKLİLİK A.Ş.,Borçlanma Araçları Fonu,781058214,12945
AEL,AGESA HAYAT VE EMEKLİLİK A.Ş. ALTIN EMEKLİLİK YATIRIM FONU,6,,AGESA HAYAT VE EMEKLİLİK A.Ş.,Belirtilmemiş,76015050156,1004422
AEP,ALLIANZ YAŞAM VE EMEKLİLİK A.Ş. UNİLEVER İKİNCİ DEĞİŞKEN GRUP EMEKLİLİK YATIRIM FONU,5,0.8,ALLIANZ YAŞAM VE EMEKLİLİK A.Ş.,Değişken Fon,530935622,541
AER,ANADOLU HAYAT EMEKLİLİK A.Ş. KATILIM KATKI EMEKLİLİK YATIRIM FONU,3,0.35,ANADOLU HAYAT EMEKLİLİK A.Ş.,Katılım Katkı Fonu,2448352406,573034
AET,ANADOLU HAYAT EMEKLİLİK A.Ş. KATKI EMEKLİLİK YATIRIM FONU,5,0.35,ANADOLU HAYAT EMEKLİLİK A.Ş.,Devlet Katkısı Fonu,52001413328,2331227
AEY,VIENNALIFE EMEKLİLİK VE HAYAT A.Ş. KATKI EMEKLİLİK YATIRIM FONU,5,0.274,VIENNALIFE EMEKLİLİK VE HAYAT A.Ş.,Devlet Katkısı Fonu,57547661,4486
AG1,ANADOLU HAYAT EMEKLİLİK A.Ş. İKİNCİ BORÇLANMA ARAÇLARI GRUP EMEKLİLİK YATIRIM FONU,3,0.99,ANADOLU HAYAT EMEKLİLİK A.Ş.,Borçlanma Araçları Fonu,460368146,8241
AG2,ANADOLU HAYAT EMEKLİLİK A.Ş. BORÇLANMA ARAÇLARI GRUP EMEKLİLİK YATIRIM FONU,5,0.99,ANADOLU HAYAT EMEKLİLİK A.Ş.,Borçlanma Araçları Fonu,150909037,1620
AG3,ANADOLU HAYAT EMEKLİLİK A.Ş. HİSSE SENEDİ GRUP EMEKLİLİK YATIRIM FONU,6,0.99,ANADOLU HAYAT EMEKLİLİK A.Ş.,Hisse Senedi Fonu,2364439472,21563
AG4,ANADOLU HAYAT EMEKLİLİK A.Ş. TEMKİNLİ DEĞİŞKEN GRUP EMEKLİLİK YATIRIM FONU,2,0.99,ANADOLU HAYAT EMEKLİLİK A.Ş.,Değişken Fon,1624038207,14668
AGG,BEREKET EMEKLİLİK VE HAYAT A.Ş. KATILIM DEĞİŞKEN GRUP EMEKLİLİK YATIRIM FONU,6,1.46,BEREKET EMEKLİLİK VE HAYAT A.Ş.,Değişken Fon,314916650,32626
AGT,BEREKET EMEKLİLİK VE HAYAT A.Ş. KATILIM KATKI EMEKLİLİK YATIRIM FONU,4,0.347,BEREKET EMEKLİLİK VE HAYAT A.Ş.,Katılım Katkı Fonu,950748461,102204
AH0,ANADOLU HAYAT EMEKLİLİK A.Ş. ATAK DEĞİŞKEN EMEKLİLİK YATIRIM FONU,5,2.2,ANADOLU HAYAT EMEKLİLİK A.Ş.,Değişken Fon,6261073660,88426
AH2,ANADOLU HAYAT EMEKLİLİK A.Ş. PARA PİYASASI EMEKLİLİK YATIRIM FONU,1,0.99,ANADOLU HAYAT EMEKLİLİK A.Ş.,Para Piyasası Fonu,44732853649,196848
AHJ,AGESA HAYAT VE EMEKLİLİK A.Ş. BAŞLANGIÇ EMEKLİLİK YATIRIM FONU,1,0.85,AGESA HAYAT VE EMEKLİLİK A.Ş.,Başlangıç Fonu,1586645761,123258
ALZ,ALLIANZ YAŞAM VE EMEKLİLİK A.Ş. BAŞLANGIÇ EMEKLİLİK YATIRIM FONU,2,0.85,ALLIANZ YAŞAM VE EMEKLİLİK A.Ş.,Başlangıç Fonu,822840411,119844
AMF,ALLIANZ YAŞAM VE EMEKLİLİK A.Ş. KATKI EMEKLİLİK YATIRIM FONU,5,0.32,ALLIANZ YAŞAM VE EMEKLİLİK A.Ş.,Devlet Katkısı Fonu,39695114004,1435749
AMY,ALLIANZ YAŞAM VE EMEKLİLİK A.Ş. KARMA GRUP EMEKLİLİK YATIRIM FONU,6,1,ALLIANZ YAŞAM VE EMEKLİLİK A.Ş.,Karma Fon,817589996,4761
ANK,VIENNALIFE EMEKLİLİK VE HAYAT A.Ş. PARA PİYASASI EMEKLİLİK YATIRIM FONU,2,1,VIENNALIFE EMEKLİLİK VE HAYAT A.Ş.,Para Piyasası Fonu,92132555,20716
AO1,ANADOLU HAYAT EMEKLİLİK A.Ş. BAŞLANGIÇ EMEKLİLİK YATIRIM FONU,1,0.85,ANADOLU HAYAT EMEKLİLİK A.Ş.,Başlangıç Fonu,1102600401,186367
AO2,ANADOLU HAYAT EMEKLİLİK A.Ş. BAŞLANGIÇ KATILIM EMEKLİLİK YATIRIM FONU,1,0.85,ANADOLU HAYAT EMEKLİLİK A.Ş.,Başlangıç Katılım Fonu,891619159,135930
AVE,AGESA HAYAT VE EMEKLİLİK A.Ş. AGRESİF DEĞİŞKEN EMEKLİLİK YATIRIM FONU,6,,AGESA HAYAT VE EMEKLİLİK A.Ş.,Değişken Fon,853931863,9980
AVH,AGESA HAYAT VE EMEKLİLİK A.Ş. BIST TEMETTÜ 25 ENDEKSİ EMEKLİLİK YATIRIM FONU,6,,AGESA HAYAT VE EMEKLİLİK A.Ş.,Endeks Fon,574999869,8214
AVJ,AGESA HAYAT VE EMEKLİLİK A.Ş. BAŞLANGIÇ KATILIM EMEKLİLİK YATIRIM FONU,1,0.85,AGESA HAYAT VE EMEKLİLİK A.Ş.,Başlangıç Katılım Fonu,715873822,150865
AVK,AGESA HAYAT VE EMEKLİLİK A.Ş. ORTA VADELİ BORÇLANMA ARAÇLARI EMEKLİLİK YATIRIM FONU,4,,AGESA HAYAT VE EMEKLİLİK A.Ş.,Borçlanma Araçları Fonu,218539800,5912
AVL,AGESA HAYAT VE EMEKLİLİK A.Ş. İKİNCİ PARA PİYASASI EMEKLİLİK YATIRIM FONU,2,,AGESA HAYAT VE EMEKLİLİK A.Ş.,Para Piyasası Fonu,1743659320,13021
AVP,AGESA HAYAT VE EMEKLİLİK A.Ş. DENGELİ DEĞİŞKEN EMEKLİLİK YATIRIM FONU,4,,AGESA HAYAT VE EMEKLİLİK A.Ş.,Değişken Fon,133579373,5204
AVU,AGESA HAYAT VE EMEKLİLİK A.Ş. İKİNCİ DEĞİŞKEN EMEKLİLİK YATIRIM FONU,4,,AGESA HAYAT VE EMEKLİLİK A.Ş.,Değişken Fon,408802448,13314
AVY,AGESA HAYAT VE EMEKLİLİK A.Ş. KARMA GRUP EMEKLİLİK YATIRIM FONU,5,,AGESA HAYAT VE EMEKLİLİK A.Ş.,Karma Fon,134163798,4601
AZA,ALLIANZ HAYAT VE EMEKLİLİK A.Ş. BORÇLANMA ARAÇLARI GRUP EMEKLİLİK YATIRIM FONU,3,1,ALLIANZ HAYAT VE EMEKLİLİK A.Ş.,Borçlanma Araçları Fonu,375732355,6748
AZL,ALLIANZ HAYAT VE EMEKLİLİK A.Ş. PARA PİYASASI EMEKLİLİK YATIRIM FONU,1,1,ALLIANZ HAYAT VE EMEKLİLİK A.Ş.,Para Piyasası Fonu,98532977290,376956
BBH,HDI FİBA EMEKLİLİK VE HAYAT A.Ş. HİSSE SENEDİ GRUP EMEKLİLİK YATIRIM FONU,6,1,HDI FİBA EMEKLİLİK VE HAYAT A.Ş.,Hisse Senedi Fonu,346408183,4505
BGE,HDI FİBA EMEKLİLİK VE HAYAT A.Ş. DENGELİ DEĞİŞKEN GRUP EMEKLİLİK YATIRIM FONU,4,1,HDI FİBA EMEKLİLİK VE HAYAT A.Ş.,Değişken Fon,246195047,2358
BGK,HDI FİBA EMEKLİLİK VE HAYAT A.Ş. BORÇLANMA ARAÇLARI GRUP EMEKLİLİK YATIRIM FONU,3,1,HDI FİBA EMEKLİLİK VE HAYAT A.Ş.,Borçlanma Araçları Fonu,24951246,853
BKB,HDI FİBA EMEKLİLİK VE HAYAT A.Ş. KAMU DIŞ BORÇLANMA ARAÇLARI GRUP EMEKLİLİK YATIRIM FONU,5,1,HDI FİBA EMEKLİLİK VE HAYAT A.Ş.,Kamu Yabancı Para (Döviz) Cinsinden Borçlanma Araç,49374105,808
BNK,BNP PARIBAS CARDIF EMEKLİLİK A.Ş. KATKI  EMEKLİLİK YATIRIM FONU,6,0.361,BNP PARIBAS CARDIF EMEKLİLİK A.Ş.,Devlet Katkısı Fonu,4696860760,345837
BPC,BNP PARIBAS CARDIF EMEKLİLİK A.Ş. KATILIM KATKI EMEKLİLİK YATIRIM FONU,4,0.361,BNP PARIBAS CARDIF EMEKLİLİK A.Ş.,Katılım Katkı Fonu,100521798,126062
BPF,BNP PARIBAS CARDIF EMEKLİLİK A.Ş. BORÇLANMA ARAÇLARI GRUP EMEKLİLİK YATIRIM FONU,3,1,BNP PARIBAS CARDIF EMEKLİLİK A.Ş.,Borçlanma Araçları Fonu,213878576,12262
BPL,BNP PARIBAS CARDIF EMEKLİLİK A.Ş. BİRİNCİ PARA PİYASASI EMEKLİLİK YATIRIM FONU,2,1.02,BNP PARIBAS CARDIF EMEKLİLİK A.Ş.,Para Piyasası Fonu,3535840834,92575
CFB,QNB SAĞLIK HAYAT SİGORTA VE EMEKLİLİK A.Ş. BAŞLANGIÇ EMEKLİLİK YATIRIM FONU,1,0.85,QNB SAĞLIK HAYAT SİGORTA VE EMEKLİLİK A.Ş.,Başlangıç Fonu,61593433,10198
CFK,QNB SAĞLIK HAYAT SİGORTA VE EMEKLİLİK A.Ş. KATILIM KATKI EMEKLİLİK YATIRIM FONU,4,0.347,QNB SAĞLIK HAYAT SİGORTA VE EMEKLİLİK A.Ş.,Katılım Katkı Fonu,47310103,53681
CFY,QNB SAĞLIK HAYAT SİGORTA VE EMEKLİLİK A.Ş. BAŞLANGIÇ KATILIM EMEKLİLİK YATIRIM FONU,1,0.85,QNB SAĞLIK HAYAT SİGORTA VE EMEKLİLİK A.Ş.,Başlangıç Katılım Fonu,29225644,9077
CGE,QNB SAĞLIK HAYAT SİGORTA VE EMEKLİLİK A.Ş. DENGELİ DEĞİŞKEN GRUP EMEKLİLİK YATIRIM FONU,5,1,QNB SAĞLIK HAYAT SİGORTA VE EMEKLİLİK A.Ş.,Değişken Fon,55230460,1736
CGG,QNB SAĞLIK HAYAT SİGORTA VE EMEKLİLİK A.Ş. BORÇLANMA ARAÇLARI GRUP EMEKLİLİK YATIRIM FONU,3,1,QNB SAĞLIK HAYAT SİGORTA VE EMEKLİLİK A.Ş.,Borçlanma Araçları Fonu,35473528,1798
CHL,QNB SAĞLIK HAYAT SİGORTA VE EMEKLİLİK A.Ş. PARA PİYASASI EMEKLİLİK YATIRIM FONU,2,0.8,QNB SAĞLIK HAYAT SİGORTA VE EMEKLİLİK A.Ş.,Para Piyasası Fonu,660389025,12012
CHT,QNB SAĞLIK HAYAT SİGORTA VE EMEKLİLİK A.Ş. KATKI EMEKLİLİK YATIRIM FONU,5,0.24,QNB SAĞLIK HAYAT SİGORTA VE EMEKLİLİK A.Ş.,Devlet Katkısı Fonu,928854430,80818
FEI,HDI FİBA EMEKLİLİK VE HAYAT A.Ş. KATKI EMEKLİLİK YATIRIM FONU,4,0.36,HDI FİBA EMEKLİLİK VE HAYAT A.Ş.,Devlet Katkısı Fonu,3815014799,285885
FER,HDI FİBA EMEKLİLİK VE HAYAT A.Ş. DEĞIŞKEN GRUP EMEKLİLİK YATIRIM FONU,6,1,HDI FİBA EMEKLİLİK VE HAYAT A.Ş.,Değişken Fon,152949078,1181
FET,HDI FİBA EMEKLİLİK  VE HAYAT A.Ş. PARA PİYASASI EMEKLİLİK YATIRIM FONU,1,1.06,HDI FİBA EMEKLİLİK VE HAYAT A.Ş.,Para Piyasası Fonu,5703249513,47969
FIE,HDI FİBA EMEKLİLİK VE HAYAT A.Ş. BAŞLANGIÇ EMEKLİLİK YATIRIM FONU,2,1.09,HDI FİBA EMEKLİLİK VE HAYAT A.Ş.,Başlangıç Fonu,254801715,37871
FII,HDI FİBA EMEKLİLİK VE HAYAT A.Ş. KATILIM KATKI EMEKLİLİK YATIRIM FONU,3,0.324,HDI FİBA EMEKLİLİK VE HAYAT A.Ş.,Katılım Katkı Fonu,128299001,119844
FIY,HDI FİBA EMEKLİLİK VE HAYAT A.Ş. BAŞLANGIÇ KATILIM EMEKLİLİK YATIRIM FONU,1,1.09,HDI FİBA EMEKLİLİK VE HAYAT A.Ş.,Başlangıç Katılım Fonu,273381184,40804
FYL,AGESA HAYAT VE EMEKLİLİK A.Ş. KATILIM KATKI EMEKLİLİK YATIRIM FONU,4,0.355,AGESA HAYAT VE EMEKLİLİK A.Ş.,Katılım Katkı Fonu,413563996,324388
FYY,ALLIANZ YAŞAM VE EMEKLİLİK A.Ş. KATILIM KATKI EMEKLİLİK YATIRIM FONU,4,0.35,ALLIANZ YAŞAM VE EMEKLİLİK A.Ş.,Katılım Katkı Fonu,488270870,369802
GCV,GARANTİ EMEKLİLİK VE HAYAT A.Ş. BAŞLANGIÇ EMEKLİLİK YATIRIM FONU,2,0.85,GARANTİ EMEKLİLİK VE HAYAT A.Ş.,Başlangıç Fonu,1791128907,352220
GDV,GARANTİ EMEKLİLİK VE HAYAT A.Ş. BAŞLANGIÇ KATILIM EMEKLİLİK YATIRIM FONU,1,0.85,GARANTİ EMEKLİLİK VE HAYAT A.Ş.,Başlangıç Katılım Fonu,1294533215,231313
GEF,GARANTİ EMEKLİLİK VE HAYAT A.Ş. DİNAMİK DEĞİŞKEN GRUP EMEKLİLİK YATIRIM FONU,5,0.99,GARANTİ EMEKLİLİK VE HAYAT A.Ş.,Değişken Fon,696720867,4105
GEG,GARANTİ EMEKLİLİK VE HAYAT A.Ş. HİSSE SENEDİ GRUP EMEKLİLİK YATIRIM FONU,6,0.99,GARANTİ EMEKLİLİK VE HAYAT A.Ş.,Hisse Senedi Fonu,3867982792,10488
GEL,GARANTİ EMEKLİLİK VE HAYAT A.Ş. PARA PİYASASI EMEKLİLİK YATIRIM FONU,1,1.06,GARANTİ EMEKLİLİK VE HAYAT A.Ş.,Para Piyasası Fonu,112399611333,429046
GHF,GARANTİ EMEKLİLİK VE HAYAT A.Ş. BORÇLANMA ARAÇLARI GRUP EMEKLİLİK YATIRIM FONU,3,0.99,GARANTİ EMEKLİLİK VE HAYAT A.Ş.,Borçlanma Araçları Fonu,748353864,11613
GHI,GARANTİ EMEKLİLİK VE HAYAT A.Ş. KATKI EMEKLİLİK YATIRIM FONU,5,0.355,GARANTİ EMEKLİLİK VE HAYAT A.Ş.,Devlet Katkısı Fonu,32998756095,1596327
GHK,GARANTİ EMEKLİLİK VE HAYAT A.Ş. DIŞ BORÇLANMA ARAÇLARI GRUP EMEKLİLİK YATIRIM FONU,5,0.99,GARANTİ EMEKLİLİK VE HAYAT A.Ş.,Dış Borçlanma Araçları Fonu,1111102073,7924
GHL,GARANTİ EMEKLİLİK VE HAYAT A.Ş. KATILIM KATKI EMEKLİLİK YATIRIM FONU,4,0.355,GARANTİ EMEKLİLİK VE HAYAT A.Ş.,Katılım Katkı Fonu,11546707688,883055
HEG,AXA HAYAT VE EMEKLİLİK A.Ş BAŞLANGIÇ KATILIM EMEKLİLİK YATIRIM FONU,2,0.85,AXA HAYAT VE EMEKLİLİK A.Ş.,Başlangıç Katılım Fonu,61585356,14966
HEL,AXA HAYAT VE EMEKLİLİK A.Ş BAŞLANGIÇ EMEKLİLİK YATIRIM FONU,1,0.85,AXA HAYAT VE EMEKLİLİK A.Ş.,Başlangıç Fonu,59472458,9388
HEP,AXA HAYAT VE EMEKLİLİK A.Ş. PARA PİYASASI EMEKLİLİK YATIRIM FONU,2,1.01,AXA HAYAT VE EMEKLİLİK A.Ş.,Para Piyasası Fonu,785418580,20373
HER,AXA HAYAT VE EMEKLİLİK A.Ş. KATILIM KATKI EMEKLİLİK YATIRIM FONU,4,0.3,AXA HAYAT VE EMEKLİLİK A.Ş.,Katılım Katkı Fonu,198940139,63598
HET,AXA HAYAT VE EMEKLİLİK A.Ş. KATKI EMEKLİLİK YATIRIM FONU,5,0.3,AXA HAYAT VE EMEKLİLİK A.Ş.,Devlet Katkısı Fonu,1531869813,138108
HHE,TÜRKİYE HAYAT VE EMEKLİLİK A.Ş. AGRESİF DEĞİŞKEN EMEKLİLİK YATIRIM FONU,6,,TÜRKİYE HAYAT VE EMEKLİLİK A.Ş.,Değişken Fon,4121132936,111151
HHG,TÜRKİYE HAYAT VE EMEKLİLİK A.Ş. KAMU DIŞ BORÇLANMA ARAÇLARI (ABD DOLARI 0-5 YIL VADELİ) EMEKLİLİK YATIRIM FONU,5,,TÜRKİYE HAYAT VE EMEKLİLİK A.Ş.,Kamu Yabancı Para (Döviz) Cinsinden Borçlanma Araç,4849801429,137886
HHN,TÜRKİYE HAYAT VE EMEKLİLİK A.Ş. KATILIM DİNAMİK DEĞİŞKEN EMEKLİLİK YATIRIM FONU,6,,TÜRKİYE HAYAT VE EMEKLİLİK A.Ş.,Değişken Fon,315908191,12026
HQX,HDI FİBA EMEKLİLİK VE HAYAT A.Ş. KIYMETLİ MADENLER EMEKLİLİK YATIRIM FONU,,,HDI FİBA EMEKLİLİK VE HAYAT A.Ş.,Belirtilmemiş,,
IER,ZURİCH YAŞAM VE EMEKLİLİK A.Ş. PARA PİYASASI EMEKLİLİK YATIRIM FONU,2,0.95,ZURİCH YAŞAM VE EMEKLİLİK A.Ş.,Para Piyasası Fonu,4458114404,101819
IGE,ZURİCH YAŞAM VE EMEKLİLİK A.Ş. KATKI EMEKLİLİK YATIRIM FONU,5,0.324,ZURİCH YAŞAM VE EMEKLİLİK A.Ş.,Devlet Katkısı Fonu,6248085318,192951
KEA,KATILIM EMEKLİLİK VE HAYAT A.Ş. KATILIM KATKI EMEKLİLİK YATIRIM FONU,4,0.347,KATILIM EMEKLİLİK VE HAYAT A.Ş,Katılım Katkı Fonu,10606754916,1138059
KEK,KATILIM EMEKLİLİK VE HAYAT A.Ş. KATILIM DEĞİŞKEN GRUP EMEKLİLİK YATIRIM FONU,4,1,KATILIM EMEKLİLİK VE HAYAT A.Ş,Değişken Fon,675640382,36752
KEY,KATILIM EMEKLİLİK VE HAYAT A.Ş. BAŞLANGIÇ KATILIM EMEKLİLİK YATIRIM FONU,1,0.49,KATILIM EMEKLİLİK VE HAYAT A.Ş,Başlangıç Katılım Fonu,397554967,146037
KOE,ALLIANZ YAŞAM VE EMEKLİLİK A.Ş. KOÇ HOLDİNG EMEKLİ VAKFI BİRİNCİ DEĞİŞKEN GRUP EMEKLİLİK YATIRIM FONU,3,0.4,ALLIANZ YAŞAM VE EMEKLİLİK A.Ş.,Değişken Fon,3931004151,47956
MHA,METLİFE EMEKLİLİK VE HAYAT A.Ş. KATILIM KATKI EMEKLİLİK YATIRIM FONU,4,0.347,METLİFE EMEKLİLİK VE HAYAT A.Ş.,Katılım Katkı Fonu,83617856,104393
MHB,METLİFE EMEKLİLİK VE HAYAT A.Ş. BAŞLANGIÇ EMEKLİLİK YATIRIM FONU,1,0.85,METLİFE EMEKLİLİK VE HAYAT A.Ş.,Başlangıç Fonu,143333260,24582
MHC,METLİFE EMEKLİLİK VE HAYAT A.Ş. BAŞLANGIÇ KATILIM EMEKLİLİK YATIRIM FONU,1,0.85,METLİFE EMEKLİLİK VE HAYAT A.Ş.,Başlangıç Katılım Fonu,212870624,78274
MHG,METLİFE EMEKLİLİK VE HAYAT A.Ş. BORÇLANMA ARAÇLARI GRUP EMEKLİLİK YATIRIM FONU,3,1,METLİFE EMEKLİLİK VE HAYAT A.Ş.,Borçlanma Araçları Fonu,293992420,8417
MHL,METLİFE EMEKLİLİK VE HAYAT A.Ş. PARA PİYASASI  EMEKLİLİK YATIRIM FONU,2,1.02,METLİFE EMEKLİLİK VE HAYAT A.Ş.,Para Piyasası Fonu,2686388173,43924
MHT,METLİFE EMEKLİLİK VE HAYAT A.Ş. KATKI EMEKLİLİK YATIRIM FONU,5,0.347,METLİFE EMEKLİLİK VE HAYAT A.Ş.,Devlet Katkısı Fonu,4226988047,384466
MHY,METLİFE EMEKLİLİK VE HAYAT A.Ş. DENGELİ DEĞİŞKEN GRUP EMEKLİLİK YATIRIM FONU,4,1,METLİFE EMEKLİLİK VE HAYAT A.Ş.,Değişken Fon,377003352,8878
NHB,NN HAYAT VE EMEKLİLİK A.Ş. BAŞLANGIÇ EMEKLİLİK YATIRIM FONU,1,,NN HAYAT VE EMEKLİLİK A.Ş.,Belirtilmemiş,28972534,39420
NHC,NN HAYAT VE EMEKLİLİK A.Ş OKS AGRESİF KATILIM DEGİŞKEN EMEKLİLİK YATIRIM FONU,5,,NN HAYAT VE EMEKLİLİK A.Ş.,Belirtilmemiş,11540170,827
NHF,NN HAYAT VE EMEKLİLİK A.Ş OKS TEMKİNLİ DEGİŞKEN EMEKLİLİK YATIRIM FONU,2,,NN HAYAT VE EMEKLİLİK A.Ş.,Belirtilmemiş,3031228,543
NHG,NN HAYAT VE EMEKLİLİK A.Ş. OKS AGRESİF DEGİŞKEN EMEKLİLİK YATIRIM FONU,5,,NN HAYAT VE EMEKLİLİK A.Ş.,Belirtilmemiş,20149649,1249
NHH,NN HAYAT VE EMEKLİLİK A.Ş. OKS DİNAMİK KATILIM DEGİŞKEN EMEKLİLİK YATIRIM FONU,4,,NN HAYAT VE EMEKLİLİK A.Ş.,Belirtilmemiş,7070049,610
NHI,NN HAYAT VE EMEKLİLİK A.Ş. OKS DENGELi DEGiŞKEN EMEKLiLiK YATIRIM FONU,4,,NN HAYAT VE EMEKLİLİK A.Ş.,Belirtilmemiş,5138628,666
NHK,NN HAYAT VE EMEKLİLİK A.Ş. BAŞLANGIÇ KATILIM EMEKLİLİK YATIRIM FONU,1,,NN HAYAT VE EMEKLİLİK A.Ş.,Belirtilmemiş,14368669,20991
NHL,NN HAYAT VE EMEKLİLİK A.Ş. OKS DİNAMİK DEĞİŞKEN EMEKLİLİK YATIRIM FONU,4,,NN HAYAT VE EMEKLİLİK A.Ş.,Belirtilmemiş,9754516,825
NHO,NN HAYAT VE EMEKLİLİK A.Ş. OKS STANDART EMEKLİLİK YATIRIM FONU,3,,NN HAYAT VE EMEKLİLİK A.Ş.,Belirtilmemiş,227083794,125766
NHR,NN HAYAT VE EMEKLİLİK A.Ş. OKS KATILIM STANDART EMEKLİLİK YATIRIM FONU,2,,NN HAYAT VE EMEKLİLİK A.Ş.,Belirtilmemiş,119227418,106271
NNK,NN HAYAT VE EMEKLİLİK A.Ş. KATILIM KATKI EMEKLİLİK YATIRIM FONU,3,,NN HAYAT VE EMEKLİLİK A.Ş.,Belirtilmemiş,17841395,67340
PRC,BNP PARİBAS CARDİF EMEKLİLİK A.Ş. BAŞLANGIÇ KATILIM EMEKLİLİK YATIRIM FONU,1,0.85,BNP PARIBAS CARDIF EMEKLİLİK A.Ş.,Başlangıç Katılım Fonu,66389854,11975
PRS,BNP PARİBAS CARDİF EMEKLİLİK A.Ş. BAŞLANGIÇ EMEKLİLİK YATIRIM FONU,1,0.85,BNP PARIBAS CARDIF EMEKLİLİK A.Ş.,Başlangıç Fonu,65127493,12600
TKV,BEREKET EMEKLİLİK VE HAYAT A.Ş. BAŞLANGIÇ KATILIM EMEKLİLİK YATIRIM FONU,1,0.85,BEREKET EMEKLİLİK VE HAYAT A.Ş.,Başlangıç Katılım Fonu,61474083,7875
VEE,TÜRKİYE HAYAT VE EMEKLİLİK A.Ş. DİNAMİK DEĞİŞKEN EMEKLİLİK YATIRIM FONU,7,,TÜRKİYE HAYAT VE EMEKLİLİK A.Ş.,Değişken Fon,2502049126,120248
VEI,TÜRKİYE HAYAT VE EMEKLİLİK A.Ş. KATKI EMEKLİLİK YATIRIM FONU,5,0.361,TÜRKİYE HAYAT VE EMEKLİLİK A.Ş.,Devlet Katkısı Fonu,53724796149,2724349
VEL,TÜRKİYE HAYAT VE EMEKLİLİK A.Ş. PARA PİYASASI EMEKLİLİK YATIRIM FONU,2,0.9125,TÜRKİYE HAYAT VE EMEKLİLİK A.Ş.,Para Piyasası Fonu,43813853178,460791
VER,TÜRKİYE HAYAT VE EMEKLİLİK A.Ş. KATILIM KATKI EMEKLİLİK YATIRIM  FONU,4,0.361,TÜRKİYE HAYAT VE EMEKLİLİK A.Ş.,Katılım Katkı Fonu,15409464859,1952912
VEY,TÜRKİYE HAYAT VE EMEKLİLİK A.Ş. PARA PİYASASI KATILIM EMEKLİLİK YATIRIM FONU,2,0.9,TÜRKİYE HAYAT VE EMEKLİLİK A.Ş.,Para Piyasası Fonu,3560194243,27082
VGP,TÜRKİYE HAYAT VE EMEKLİLİK A.Ş. TURKCELL GRUBU ÇALIŞANLARINA YÖNELİK PERA 1 DEGİŞKEN GRUP EMEKLİLİK YATIRIM FONU,6,0.75,TÜRKİYE HAYAT VE EMEKLİLİK A.Ş.,Değişken Fon,175754163,1799
VGT,TÜRKİYE HAYAT VE EMEKLİLİK A.Ş. PERA 2 DEGİŞKEN GRUP EMEKLİLİK YATIRIM FONU,5,0.75,TÜRKİYE HAYAT VE EMEKLİLİK A.Ş.,Değişken Fon,223042917,1777
VGY,TÜRKİYE HAYAT VE EMEKLİLİK A.Ş. PERA 3 DEGİŞKEN GRUP EMEKLİLİK YATIRIM FONU,5,0.75,TÜRKİYE HAYAT VE EMEKLİLİK A.Ş.,Değişken Fon,117775917,1702
VKE,TÜRKİYE HAYAT VE EMEKLİLİK A.Ş.BAŞLANGIÇ KATILIM EMEKLİLİK YATIRIM FONU,1,0.85,TÜRKİYE HAYAT VE EMEKLİLİK A.Ş.,Başlangıç Katılım Fonu,4268690546,412553
VKJ,TÜRKİYE HAYAT VE EMEKLİLİK A.Ş. BAŞLANGIÇ EMEKLİLİK YATIRIM FONU,1,0.85,TÜRKİYE HAYAT VE EMEKLİLİK A.Ş.,Başlangıç Fonu,1898840682,151877
