fon_kodu,grup,kategori,unvan,fon_buyuklugu,son_fiyat_tarihi,ay1_getiri_%,ay3_getiri_%,ay6_getiri_%,ytd_getiri_%,yil1_getiri_%,yil3_getiri_%,yil5_getiri_%,gozlem_sayisi_1yil,yillik_volatilite_%,max_dusus_1yil_%,calmar_1yil
ABE,BEFAS_islem_goren,Fon Sepeti Fonu,ANADOLU HAYAT EMEKLİLİK A.Ş. S&P 500 YABANCI BYF FON SEPETİ EMEKLİLİK YATIRIM FONU,9735239086.0,2026-09-17T21:00:00.000Z,-0.42,5.34,21.54,22.49,33.06,194.08,917.81,249,11.76,-6.36,5.2
AE1,BEFAS_klasik,Para Piyasası Fonu,AGESA HAYAT VE EMEKLİLİK A.Ş. BİRİNCİ PARA PİYASASI EMEKLİLİK YATIRIM FONU,75271809732.0,2026-09-17T21:00:00.000Z,3.1,10.15,21.71,31.4,47.23,262.66,520.71,249,1.47,-0.06,
AE2,BEFAS_islem_goren,Borçlanma Araçları Fonu,AGESA HAYAT VE EMEKLİLİK A.Ş. BORÇLANMA ARAÇLARI EMEKLİLİK YATIRIM FONU,7685440595.0,2026-09-17T21:00:00.000Z,2.11,6.13,12.92,16.7,30.98,156.09,415.82,249,6.83,-5.19,5.96
AEB,BEFAS_klasik,Hisse Senedi Fonu,AGESA HAYAT VE EMEKLİLİK A.Ş. HİSSE SENEDİ GRUP EMEKLİLİK YATIRIM FONU,2594906994.0,2026-09-17T21:00:00.000Z,-2.54,-1.61,7.4,26.67,30.88,165.77,2492.07,249,22.14,-12.12,2.55
AEH,BEFAS_islem_goren,Hisse Senedi Fonu,AGESA HAYAT VE EMEKLİLİK A.Ş. HİSSE SENEDİ EMEKLİLİK YATIRIM FONU,22493022738.0,2026-09-17T21:00:00.000Z,-2.81,-2.0,6.58,27.04,30.12,114.76,1665.44,249,21.53,-11.87,2.54
AEI,BEFAS_klasik,Devlet Katkısı Fonu,AGESA HAYAT VE EMEKLİLİK A.Ş. KATKI EMEKLİLİK YATIRIM FONU,54042500984.0,2026-09-17T21:00:00.000Z,1.07,0.75,7.95,17.61,27.81,122.79,431.23,249,13.32,-8.26,3.37
AEK,BEFAS_klasik,Borçlanma Araçları Fonu,AGESA HAYAT VE EMEKLİLİK A.Ş. BORÇLANMA ARAÇLARI GRUP EMEKLİLİK YATIRIM FONU,781058214.0,2026-09-17T21:00:00.000Z,2.23,6.63,13.81,18.19,32.89,175.78,538.53,249,6.57,-5.03,6.53
AEL,BEFAS_klasik,Belirtilmemiş,AGESA HAYAT VE EMEKLİLİK A.Ş. ALTIN EMEKLİLİK YATIRIM FONU,76015050156.0,2024-12-26T21:00:00.000Z,0.0,0.0,0.0,0.0,0.0,86.24,594.06,,,,
AET,BEFAS_klasik,Devlet Katkısı Fonu,ANADOLU HAYAT EMEKLİLİK A.Ş. KATKI EMEKLİLİK YATIRIM FONU,52001413328.0,2026-09-17T21:00:00.000Z,0.2,1.35,10.1,18.19,28.99,132.34,479.79,249,12.54,-8.72,3.32
AEU,BEFAS_islem_goren,Endeks Fon,ALLIANZ YAŞAM VE EMEKLİLİK A.Ş. BIST TEMETTÜ ENDEKSİ EMEKLİLİK YATIRIM FONU,1488203438.0,2026-09-17T21:00:00.000Z,-2.28,-0.42,10.46,33.06,38.62,138.07,1448.58,249,21.54,-10.68,3.61
AFA,TEFAS,Yabancı Fonlar,AK PORTFÖY AMERİKA YABANCI HİSSE SENEDİ FONU,5440708434.0,2026-09-20T21:00:00.000Z,1.86,9.69,30.74,28.39,41.54,214.6,1298.59,250,14.26,-9.32,4.46
AFH,BEFAS_islem_goren,OKS Standart Fon,ANADOLU HAYAT EMEKLİLİK A.Ş. OKS STANDART EMEKLİLİK YATIRIM FONU,8071471103.0,2026-09-17T21:00:00.000Z,1.47,5.13,11.67,17.36,31.65,153.88,672.34,249,6.77,-4.23,7.48
AFP,BEFAS_islem_goren,OKS Katılım Standart Fon,ANADOLU HAYAT EMEKLİLİK A.Ş. OKS KATILIM STANDART EMEKLİLİK YATIRIM FONU,7001433027.0,2026-09-17T21:00:00.000Z,1.65,6.66,14.68,25.25,35.15,133.0,575.33,249,4.72,-1.58,22.19
AFT,TEFAS,Tematik Hisse,AK PORTFÖY YENİ TEKNOLOJİLER YABANCI HİSSE SENEDİ FONU,18918597153.0,2026-09-20T21:00:00.000Z,2.98,4.19,19.82,16.94,32.39,246.2,1271.37,250,26.03,-19.25,1.68
AG1,BEFAS_klasik,Borçlanma Araçları Fonu,ANADOLU HAYAT EMEKLİLİK A.Ş. İKİNCİ BORÇLANMA ARAÇLARI GRUP EMEKLİLİK YATIRIM FONU,460368146.0,2026-09-17T21:00:00.000Z,1.96,6.84,14.51,17.57,34.65,166.34,469.26,249,6.39,-4.61,7.51
AG3,BEFAS_klasik,Hisse Senedi Fonu,ANADOLU HAYAT EMEKLİLİK A.Ş. HİSSE SENEDİ GRUP EMEKLİLİK YATIRIM FONU,2364439472.0,2026-09-17T21:00:00.000Z,-2.04,-3.48,7.19,21.24,21.16,114.99,2079.4,249,22.64,-14.95,1.42
AGE,BEFAS_islem_goren,Katılım Standart Fon,ANADOLU HAYAT EMEKLİLİK A.Ş. KATILIM STANDART EMEKLİLİK YATIRIM FONU,1885982835.0,2026-09-17T21:00:00.000Z,0.33,2.89,11.39,23.63,34.26,133.18,658.92,249,6.33,-3.32,10.32
AH0,BEFAS_klasik,Değişken Fon,ANADOLU HAYAT EMEKLİLİK A.Ş. ATAK DEĞİŞKEN EMEKLİLİK YATIRIM FONU,6261073660.0,2026-04-14T21:00:00.000Z,0.0,0.0,4.49,17.23,22.59,149.92,1537.73,144,15.49,-9.44,2.39
AH3,BEFAS_islem_goren,Kamu Yabancı Para (Döviz) Cinsinden Borçlanma Araç,ANADOLU HAYAT EMEKLİLİK A.Ş. BİRİNCİ KAMU DIŞ BORÇLANMA ARAÇLARI EMEKLİLİK YATIRIM FONU,13067018113.0,2026-09-17T21:00:00.000Z,-0.1,4.04,11.29,14.04,23.74,138.87,815.52,249,4.87,-3.17,7.48
AH5,BEFAS_islem_goren,Hisse Senedi Fonu,ANADOLU HAYAT EMEKLİLİK A.Ş. HİSSE SENEDİ EMEKLİLİK YATIRIM FONU,25107527092.0,2026-09-17T21:00:00.000Z,-3.95,-8.74,-0.85,11.96,14.45,120.49,1983.9,249,23.16,-15.84,0.91
AH8,BEFAS_islem_goren,Karma Fon,ANADOLU HAYAT EMEKLİLİK A.Ş. KARMA EMEKLİLİK YATIRIM FONU,12176769493.0,2026-09-17T21:00:00.000Z,1.77,6.6,15.29,22.73,35.08,201.98,567.83,249,3.76,-1.11,31.67
AHC,BEFAS_islem_goren,Özel Sektör Borçlanma Araçları Fonu,ANADOLU HAYAT EMEKLİLİK A.Ş. ÖZEL SEKTÖR BORÇLANMA ARAÇLARI EMEKLİLİK YATIRIM FONU,16717371072.0,2026-09-17T21:00:00.000Z,2.68,9.4,19.46,27.96,42.65,214.62,485.49,249,1.47,-0.09,
AHJ,BEFAS_klasik,Başlangıç Fonu,AGESA HAYAT VE EMEKLİLİK A.Ş. BAŞLANGIÇ EMEKLİLİK YATIRIM FONU,1586645761.0,2026-09-17T21:00:00.000Z,3.32,10.51,22.09,32.72,49.17,271.99,588.04,249,1.5,-0.05,
AK2,TEFAS,Uzun Vadeli Borçlanma Araçları,AK PORTFÖY UZUN VADELİ BORÇLANMA ARAÇLARI FONU,222272792.0,2026-09-20T21:00:00.000Z,3.19,5.73,9.58,10.82,25.19,90.6,140.83,250,9.45,-6.52,3.86
AK3,TEFAS,Yerli Hisse,AK PORTFÖY HİSSE SENEDİ (TL) FONU (HİSSE SENEDİ YOĞUN FON),8022980633.0,2026-09-20T21:00:00.000Z,-3.62,-3.59,6.14,28.22,33.67,165.12,2144.27,250,21.16,-12.1,2.78
ALI,BEFAS_islem_goren,Endeks Fon,ALLIANZ YAŞAM VE EMEKLİLİK A.Ş. KOÇ İŞTİRAK ENDEKSİ EMEKLİLİK YATIRIM FONU,7388919177.0,2026-09-17T21:00:00.000Z,-0.09,4.91,4.26,14.71,12.76,54.93,1501.33,249,20.57,-13.94,0.92
ALR,BEFAS_islem_goren,Karma Fon,ALLIANZ YAŞAM VE EMEKLİLİK A.Ş. KARMA EMEKLİLİK YATIRIM FONU,14753253278.0,2026-09-17T21:00:00.000Z,-0.27,3.41,19.38,23.45,31.45,185.14,1282.17,249,11.23,-6.82,4.61
AMG,BEFAS_islem_goren,Kamu Yabancı Para (Döviz) Cinsinden Borçlanma Araç,ALLIANZ YAŞAM VE EMEKLİLİK A.Ş. BİRİNCİ KAMU DIŞ BORÇLANMA ARAÇLARI EMEKLİLİK YATIRIM FONU,7358897056.0,2026-09-17T21:00:00.000Z,-0.18,4.41,13.29,13.81,23.0,142.31,832.35,249,6.0,-4.96,4.63
AMY,BEFAS_klasik,Karma Fon,ALLIANZ YAŞAM VE EMEKLİLİK A.Ş. KARMA GRUP EMEKLİLİK YATIRIM FONU,817589996.0,2026-09-17T21:00:00.000Z,-0.42,3.27,18.68,23.18,31.82,197.79,1411.34,249,11.04,-6.4,4.97
AMZ,BEFAS_islem_goren,Altın Fonu,ALLIANZ YAŞAM VE EMEKLİLİK A.Ş. ALTIN EMEKLİLİK YATIRIM FONU,142840568335.0,2026-09-17T21:00:00.000Z,-0.16,4.84,-6.65,7.91,33.37,285.74,1323.49,249,26.15,-24.5,1.36
AO2,BEFAS_klasik,Başlangıç Katılım Fonu,ANADOLU HAYAT EMEKLİLİK A.Ş. BAŞLANGIÇ KATILIM EMEKLİLİK YATIRIM FONU,891619159.0,2026-09-17T21:00:00.000Z,3.06,10.09,21.81,31.3,46.14,242.47,513.15,249,1.51,-0.05,
APJ,TEFAS,Endeks Temalı Fonlar,AK PORTFÖY BIST ŞİRKETLERİ FON SEPETİ FONU,80272479.0,2026-09-17T21:00:00.000Z,-3.08,-4.05,2.44,15.83,19.83,96.14,356.52,249,19.86,-12.74,1.56
ATE,BEFAS_islem_goren,Endeks Fon,ANADOLU HAYAT EMEKLİLİK A.Ş. İŞ BANKASI İŞTİRAK ENDEKSİ EMEKLİLİK YATIRIM FONU,3530978613.0,2026-09-17T21:00:00.000Z,-0.65,-10.52,-6.01,5.34,1.8,45.21,1322.26,249,27.76,-21.38,0.08
ATK,BEFAS_islem_goren,Standart Fon,ANADOLU HAYAT EMEKLİLİK A.Ş. STANDART EMEKLİLİK YATIRIM FONU,3220180325.0,2026-09-17T21:00:00.000Z,1.1,4.41,11.89,17.85,30.05,153.34,548.77,249,8.5,-6.27,4.8
AVB,BEFAS_islem_goren,Dış Borçlanma Araçları Fonu,AGESA HAYAT VE EMEKLİLİK A.Ş. KAMU DIŞ BORÇLANMA ARAÇLARI (ABD DOLARI 5-15 YIL VADELİ) EMEKLİLİK YATIRIM FONU,15828414453.0,2026-09-17T21:00:00.000Z,-0.28,3.93,11.87,13.05,21.6,150.24,871.54,249,6.27,-4.17,5.18
AVG,BEFAS_islem_goren,Dış Borçlanma Araçları Fonu,AGESA HAYAT VE EMEKLİLİK A.Ş. DIŞ BORÇLANMA ARAÇLARI EMEKLİLİK YATIRIM FONU,10375113129.0,2026-09-17T21:00:00.000Z,0.09,4.41,11.68,13.41,21.2,133.02,789.5,249,4.98,-3.14,6.75
AVH,BEFAS_klasik,Endeks Fon,AGESA HAYAT VE EMEKLİLİK A.Ş. BIST TEMETTÜ 25 ENDEKSİ EMEKLİLİK YATIRIM FONU,574999869.0,2025-11-20T21:00:00.000Z,0.0,0.0,0.0,0.0,1.14,64.54,868.92,43,21.16,-10.12,0.11
AVO,BEFAS_islem_goren,Özel Sektör Borçlanma Araçları Fonu,AGESA HAYAT VE EMEKLİLİK A.Ş. ÖZEL SEKTÖR BORÇLANMA ARAÇLARI EMEKLİLİK YATIRIM FONU,9763435224.0,2026-09-17T21:00:00.000Z,2.9,9.81,20.7,30.39,45.15,244.13,537.12,249,1.41,0.0,
AVR,BEFAS_islem_goren,Değişken Fon,AGESA HAYAT VE EMEKLİLİK A.Ş. TEKNOLOJİ SEKTÖRÜ YABANCI DEĞİŞKEN EMEKLİLİK YATIRIM FONU,20581131961.0,2026-09-17T21:00:00.000Z,-0.3,-3.77,43.75,43.31,53.83,260.05,1351.93,249,26.87,-14.18,3.8
AVY,BEFAS_klasik,Karma Fon,AGESA HAYAT VE EMEKLİLİK A.Ş. KARMA GRUP EMEKLİLİK YATIRIM FONU,134163798.0,2025-11-20T21:00:00.000Z,0.0,0.0,0.0,0.0,5.17,116.05,876.78,43,9.18,-1.7,3.05
AZD,BEFAS_islem_goren,Karma Fon,ALLIANZ HAYAT VE EMEKLİLİK A.Ş. BİRİNCİ KARMA EMEKLİLİK YATIRIM FONU,9851985678.0,2026-09-17T21:00:00.000Z,0.77,5.48,8.2,7.25,15.93,128.21,767.61,249,10.94,-8.97,1.77
AZH,BEFAS_islem_goren,Hisse Senedi Fonu,ALLIANZ HAYAT VE EMEKLİLİK A.Ş. HİSSE SENEDİ EMEKLİLİK YATIRIM FONU,29168644284.0,2026-09-17T21:00:00.000Z,-2.12,-3.68,6.82,20.56,20.55,109.69,1975.46,249,22.77,-15.06,1.36
AZK,BEFAS_islem_goren,Borçlanma Araçları Fonu,ALLIANZ HAYAT VE EMEKLİLİK A.Ş. BORÇLANMA ARAÇLARI EMEKLİLİK YATIRIM FONU,7545791141.0,2026-09-17T21:00:00.000Z,2.53,7.8,16.28,20.0,36.56,177.56,427.13,249,6.39,-4.72,7.75
AZL,BEFAS_klasik,Para Piyasası Fonu,ALLIANZ HAYAT VE EMEKLİLİK A.Ş. PARA PİYASASI EMEKLİLİK YATIRIM FONU,98532977290.0,2026-09-17T21:00:00.000Z,3.07,10.13,21.51,31.44,47.21,262.33,521.01,249,1.49,-0.08,
BGL,BEFAS_islem_goren,Altın Fonu,ANADOLU HAYAT EMEKLİLİK A.Ş. ALTIN EMEKLİLİK YATIRIM FONU,68881168017.0,2026-09-17T21:00:00.000Z,-0.46,4.47,-7.53,1.82,27.69,275.93,,249,24.18,-25.09,1.1
BHI,TEFAS,Mutlak Getiri Hedefli,BV PORTFÖY MUTLAK GETİRİ HEDEFLİ HİSSE SENEDİ SERBEST (TL) FON (HİSSE SENEDİ YOĞUN FON),2109666037.0,2026-09-20T21:00:00.000Z,2.78,8.89,21.12,30.96,43.71,,,250,2.53,-0.48,91.89
BKB,BEFAS_klasik,Kamu Yabancı Para (Döviz) Cinsinden Borçlanma Araç,HDI FİBA EMEKLİLİK VE HAYAT A.Ş. KAMU DIŞ BORÇLANMA ARAÇLARI GRUP EMEKLİLİK YATIRIM FONU,49374105.0,2026-09-17T21:00:00.000Z,0.25,4.28,11.09,12.79,20.2,135.9,791.64,249,4.27,-2.6,7.77
BVZ,TEFAS,Serbest İstatistiksel Arbitraj Fonları,BV PORTFÖY İSTATİSTİKSEL ARBİTRAJ SERBEST FON,3323163259.0,2026-09-20T21:00:00.000Z,3.13,10.2,21.82,32.75,47.46,290.02,,250,1.49,-0.05,
DCB,TEFAS,Serbest Para Piyasası Fonları,DENİZ PORTFÖY PARA PİYASASI SERBEST (TL) FON,132978443944.0,2026-09-20T21:00:00.000Z,3.31,10.46,22.0,31.9,47.05,265.45,,250,1.47,0.0,
DIP,TEFAS,Serbest Para Piyasası Fonları,DENİZ PORTFÖY İKİNCİ PARA PİYASASI SERBEST (TL) FON,55214410292.0,2026-09-20T21:00:00.000Z,3.36,10.67,22.48,32.66,48.22,,,250,1.5,0.0,
DLY,TEFAS,Para Piyasası,DENİZ PORTFÖY PARA PİYASASI (TL) FONU,60452188585.0,2026-09-20T21:00:00.000Z,3.18,10.15,21.37,31.1,46.21,255.08,517.24,250,1.43,0.0,
DOH,TEFAS,Yerli Hisse,TERA PORTFÖY DÖRDÜNCÜ HİSSE SENEDİ SERBEST (TL) FON (HİSSE SENEDİ YOĞUN FON),11630369358.0,2026-09-20T21:00:00.000Z,-22.49,-23.22,-12.31,0.98,24.3,,,250,35.37,-36.27,0.67
EMY,BEFAS_islem_goren,Belirtilmemiş,GARANTİ EMEKLİLİK VE HAYAT A.Ş. ALTIN EMEKLİLİK YATIRIM FONU,6626652190.0,2026-09-17T21:00:00.000Z,1.03,5.68,,,,,,88,22.44,-10.65,
EPI,TEFAS,Tematik,EMAA BLUE PORTFÖY İNŞAAT SEKTÖRÜ KATILIM FONU,261274723.0,2026-09-20T21:00:00.000Z,-7.23,-11.77,-1.78,5.42,,,,205,17.93,-12.49,
FBC,TEFAS,Kar Payı Ödeyen Fonlar,ONE PORTFÖY KAR PAYI ÖDEYEN KATILIM FONU,175565481.0,2026-09-17T21:00:00.000Z,-11.63,-21.87,-14.14,-5.81,0.94,52.68,,249,15.65,-23.41,0.04
FEA,BEFAS_islem_goren,Özel Sektör Borçlanma Araçları Fonu,HDI FİBA EMEKLİLİK VE HAYAT A.Ş. ATLAS PORTFÖY ÖZEL SEKTÖR BORÇLANMA ARAÇLARI EMEKLİLİK YATIRIM FONU,244952747.0,2026-09-17T21:00:00.000Z,2.8,9.32,19.2,28.58,42.27,234.65,577.98,249,1.7,-0.29,147.63
FMG,TEFAS,Gümüş Fonları,QNB PORTFÖY GÜMÜŞ SERBEST FON,12176129957.0,2026-09-20T21:00:00.000Z,1.51,-0.87,-11.03,-3.47,69.91,,,250,54.93,-48.54,1.44
FYO,TEFAS,Borçlanma Araçları - Özel Sektör,QNB PORTFÖY ÖZEL SEKTÖR BORÇLANMA ARAÇLARI FONU,2038578371.0,2026-09-20T21:00:00.000Z,3.29,10.24,21.35,31.42,46.53,237.32,477.84,250,1.46,0.0,
GBV,TEFAS,Teknoloji,GARANTİ PORTFÖY BLOCKCHAİN TEKNOLOJİLERİ DEĞİŞKEN FON,2187244317.0,2026-09-17T21:00:00.000Z,4.55,-3.38,33.47,39.62,47.24,384.98,,249,25.79,-12.91,3.66
GBZ,TEFAS,Emtia Fonları,AZİMUT PORTFÖY EMTİA FON SEPETİ FONU,1166807908.0,2026-09-20T21:00:00.000Z,3.63,7.49,11.96,30.67,47.57,150.5,,250,16.49,-12.18,3.91
GCK,BEFAS_islem_goren,OKS Katılım Standart Fon,GARANTİ EMEKLİLİK VE HAYAT A.Ş. OKS KATILIM STANDART EMEKLİLİK YATIRIM FONU,5650451569.0,2026-09-17T21:00:00.000Z,0.43,4.51,12.7,23.22,34.81,145.27,625.48,249,5.53,-2.02,17.25
GCS,BEFAS_islem_goren,OKS Standart Fon,GARANTİ EMEKLİLİK VE HAYAT A.Ş. OKS STANDART EMEKLİLİK YATIRIM FONU,8080969446.0,2026-09-17T21:00:00.000Z,1.38,4.84,12.75,19.59,33.34,152.17,680.83,249,7.27,-5.38,6.2
GCV,BEFAS_klasik,Başlangıç Fonu,GARANTİ EMEKLİLİK VE HAYAT A.Ş. BAŞLANGIÇ EMEKLİLİK YATIRIM FONU,1791128907.0,2026-09-17T21:00:00.000Z,3.11,10.14,22.36,31.95,48.15,265.96,572.33,249,1.65,-0.02,
GDV,BEFAS_klasik,Başlangıç Katılım Fonu,GARANTİ EMEKLİLİK VE HAYAT A.Ş. BAŞLANGIÇ KATILIM EMEKLİLİK YATIRIM FONU,1294533215.0,2026-09-17T21:00:00.000Z,3.14,10.24,21.72,31.34,46.17,244.58,527.8,249,1.44,0.0,
GEG,BEFAS_klasik,Hisse Senedi Fonu,GARANTİ EMEKLİLİK VE HAYAT A.Ş. HİSSE SENEDİ GRUP EMEKLİLİK YATIRIM FONU,3867982792.0,2026-09-17T21:00:00.000Z,-3.33,-3.99,7.33,24.26,28.95,137.08,2362.57,249,23.13,-12.77,2.27
GEL,BEFAS_klasik,Para Piyasası Fonu,GARANTİ EMEKLİLİK VE HAYAT A.Ş. PARA PİYASASI EMEKLİLİK YATIRIM FONU,112399611333.0,2026-09-17T21:00:00.000Z,3.02,10.03,21.51,31.34,47.34,262.8,529.73,249,1.5,-0.11,437.84
GEV,BEFAS_islem_goren,Altın Katılım Fonu,AGESA HAYAT VE EMEKLİLİK A.Ş. ALTIN KATILIM EMEKLİLİK YATIRIM FONU,174325938047.0,2026-09-17T21:00:00.000Z,0.34,5.1,-6.54,8.8,33.06,333.08,,249,26.98,-24.41,1.35
GGJ,BEFAS_islem_goren,Fon Sepeti Fonu,GARANTİ EMEKLİLİK VE HAYAT A.Ş. GÜMÜŞ FON SEPETİ EMEKLİLİK YATIRIM FONU,8639909476.0,2026-09-17T21:00:00.000Z,2.4,1.11,-9.74,-2.39,,,,238,43.59,-47.66,
GHA,BEFAS_islem_goren,Altın Katılım Fonu,GARANTİ EMEKLİLİK VE HAYAT A.Ş. ALTIN KATILIM EMEKLİLİK YATIRIM FONU,118803507971.0,2026-09-17T21:00:00.000Z,-0.5,3.65,-8.79,4.69,28.56,286.47,1336.07,249,25.5,-24.94,1.14
GHD,BEFAS_islem_goren,Standart Fon,GARANTİ EMEKLİLİK VE HAYAT A.Ş. STANDART EMEKLİLİK YATIRIM FONU,3930835915.0,2026-09-17T21:00:00.000Z,1.27,4.51,13.19,20.45,33.87,157.55,627.87,249,8.86,-6.73,5.03
GHF,BEFAS_klasik,Borçlanma Araçları Fonu,GARANTİ EMEKLİLİK VE HAYAT A.Ş. BORÇLANMA ARAÇLARI GRUP EMEKLİLİK YATIRIM FONU,748353864.0,2026-09-17T21:00:00.000Z,1.19,4.94,11.81,15.31,29.76,171.17,498.66,249,6.84,-5.49,5.42
GHG,BEFAS_islem_goren,Dış Borçlanma Araçları Fonu,GARANTİ EMEKLİLİK VE HAYAT A.Ş. DIŞ BORÇLANMA ARAÇLARI EMEKLİLİK YATIRIM FONU,5883246125.0,2026-09-17T21:00:00.000Z,-0.26,4.26,12.27,13.86,22.06,138.7,816.99,249,4.93,-3.13,7.04
GHK,BEFAS_klasik,Dış Borçlanma Araçları Fonu,GARANTİ EMEKLİLİK VE HAYAT A.Ş. DIŞ BORÇLANMA ARAÇLARI GRUP EMEKLİLİK YATIRIM FONU,1111102073.0,2026-09-17T21:00:00.000Z,-0.23,4.39,12.59,14.3,22.62,140.14,823.8,249,4.98,-3.16,7.16
GHL,BEFAS_klasik,Katılım Katkı Fonu,GARANTİ EMEKLİLİK VE HAYAT A.Ş. KATILIM KATKI EMEKLİLİK YATIRIM FONU,11546707688.0,2026-09-17T21:00:00.000Z,-1.06,3.9,15.62,31.82,40.71,139.25,604.66,249,10.08,-4.47,9.11
GHO,BEFAS_islem_goren,Değişken Fon,GARANTİ EMEKLİLİK VE HAYAT A.Ş. ÜÇÜNCÜ DEĞİŞKEN EMEKLİLİK YATIRIM FONU,12483923375.0,2026-09-17T21:00:00.000Z,1.71,5.52,20.07,26.32,39.79,233.47,1161.89,249,11.05,-7.48,5.32
GKB,BEFAS_islem_goren,Kira Sertifikasi Katılım Fonu,GARANTİ EMEKLİLİK VE HAYAT A.Ş. KİRA SERTİFİKALARI KATILIM EMEKLİLİK YATIRIM FONU,2822752149.0,2026-09-17T21:00:00.000Z,2.48,7.3,13.95,21.96,32.98,166.8,373.49,249,2.58,-0.97,33.98
GMF,BEFAS_islem_goren,Fon Sepeti Fonu,ANADOLU HAYAT EMEKLİLİK A.Ş. GÜMÜŞ FON SEPETİ EMEKLİLİK YATIRIM FONU,20012061150.0,2026-09-17T21:00:00.000Z,2.0,2.63,-6.5,-2.05,70.83,,,249,43.6,-44.37,1.6
GRO,TEFAS,Döviz Fon,GARANTİ PORTFÖY OTUZUNCU SERBEST (DÖVİZ) FON,194158949333.0,2026-09-20T21:00:00.000Z,1.93,6.12,12.18,16.3,22.21,102.68,,250,1.28,-0.14,160.4
GTZ,TEFAS,Gümüş Fonları,GARANTİ PORTFÖY GÜMÜŞ FON SEPETİ FONU,12407303623.0,2026-09-17T21:00:00.000Z,2.15,1.33,-9.46,-4.3,71.39,352.95,,249,56.26,-50.35,1.42
GUB,TEFAS,Borçlanma Araçları - Özel Sektör,GARANTİ PORTFÖY ÖZEL SEKTÖR BORÇLANMA ARAÇLARI FONU,4625724791.0,2026-09-20T21:00:00.000Z,3.27,10.22,21.35,31.37,46.26,,,250,1.45,0.0,
GUV,TEFAS,Uzun Vadeli Borçlanma Araçları,GARANTİ PORTFÖY UZUN VADELİ BORÇLANMA ARAÇLARI FONU,759159201.0,2026-09-20T21:00:00.000Z,2.79,4.87,10.7,9.83,25.04,,,250,10.89,-8.63,2.9
GZE,TEFAS,Emtia Fonları,GARANTİ PORTFÖY EMTİA SERBEST FON,1767719015.0,2026-09-17T21:00:00.000Z,5.65,16.08,14.31,30.38,56.7,158.07,,249,16.14,-14.09,4.02
GZH,TEFAS,Sürdürülebilirlik,GARANTİ PORTFÖY TEMİZ ENERJİ DEĞİŞKEN FON,346455996.0,2026-09-17T21:00:00.000Z,-3.8,-10.06,2.89,19.32,37.28,81.55,,249,21.63,-12.91,2.89
GZL,TEFAS,Tarım - Gıda,GARANTİ PORTFÖY TARIM VE GIDA SEKTÖRÜ DEGİŞKEN FON,383610547.0,2026-09-17T21:00:00.000Z,1.23,6.51,15.82,35.89,44.26,86.85,,249,12.55,-7.65,5.79
GZY,TEFAS,Tematik,GARANTİ PORTFÖY TURİZM VE SEYAHAT SEKTÖRÜ DEGİŞKEN FON,62601017.0,2026-09-17T21:00:00.000Z,-6.31,-5.1,7.96,5.59,12.9,137.32,,249,20.6,-13.33,0.97
HHE,BEFAS_klasik,Değişken Fon,TÜRKİYE HAYAT VE EMEKLİLİK A.Ş. AGRESİF DEĞİŞKEN EMEKLİLİK YATIRIM FONU,4121132936.0,2025-09-18T21:00:00.000Z,0.0,0.0,0.0,0.0,0.0,67.86,1049.16,,,,
HHG,BEFAS_klasik,Kamu Yabancı Para (Döviz) Cinsinden Borçlanma Araç,TÜRKİYE HAYAT VE EMEKLİLİK A.Ş. KAMU DIŞ BORÇLANMA ARAÇLARI (ABD DOLARI 0-5 YIL VADELİ) EMEKLİLİK YATIRIM FONU,4849801429.0,2025-09-17T21:00:00.000Z,0.0,0.0,0.0,0.0,0.0,77.03,612.17,,,,
HMG,TEFAS,Mutlak Getiri Hedefli,HSBC PYŞ MUTLAK GETİRİ HEDEFLİ HİSSE SENEDİ SERBEST (TL) FON (HİSSE SENEDİ YOĞUN FON),7651085339.0,2026-09-20T21:00:00.000Z,2.55,7.81,18.69,20.85,29.13,186.81,,250,4.76,-2.94,9.9
IJC,TEFAS,Teknoloji,İŞ PORTFÖY YARI İLETKEN TEKNOLOJİLERİ DEĞİŞKEN FON,3979985963.0,2026-09-20T21:00:00.000Z,-5.0,-14.94,41.7,57.72,60.9,251.67,,250,30.34,-20.93,2.91
IJT,TEFAS,Tarım - Gıda,İŞ PORTFÖY TARIM SERBEST FON,1250452425.0,2026-09-20T21:00:00.000Z,0.47,8.57,18.57,27.94,30.99,82.08,,250,11.5,-7.07,4.39
IKL,TEFAS,Sağlık - İlaç,İŞ PORTFÖY SAĞLIK ŞİRKETLERİ KARMA FON,253796081.0,2026-09-20T21:00:00.000Z,-1.33,10.87,17.02,17.96,35.38,142.41,,250,9.92,-6.1,5.8
IKP,TEFAS,Sürdürülebilirlik,İŞ PORTFÖY YENİLENEBİLİR ENERJİ KARMA FON,1027724586.0,2026-09-20T21:00:00.000Z,-1.71,-2.62,13.78,31.34,46.07,206.56,,250,15.88,-7.24,6.36
IOG,TEFAS,Gümüş Fonları,İŞ PORTFÖY GÜMÜŞ SERBEST FON,13241240769.0,2026-09-20T21:00:00.000Z,3.57,3.79,-6.08,-3.29,73.68,383.44,,250,53.43,-48.34,1.52
KEA,BEFAS_klasik,Katılım Katkı Fonu,KATILIM EMEKLİLİK VE HAYAT A.Ş. KATILIM KATKI EMEKLİLİK YATIRIM FONU,10606754916.0,2026-09-17T21:00:00.000Z,-1.53,4.92,18.78,34.38,44.56,135.99,511.12,249,9.35,-3.95,11.27
KEB,BEFAS_islem_goren,Katılım Standart Fon,KATILIM EMEKLİLİK VE HAYAT A.Ş. KATILIM STANDART EMEKLİLİK YATIRIM FONU,5510775095.0,2026-09-17T21:00:00.000Z,1.16,6.65,17.01,31.98,42.33,149.98,652.72,249,6.94,-2.4,17.66
KGC,BEFAS_islem_goren,Katılım Fonu,KATILIM EMEKLİLİK VE HAYAT A.Ş. GÜMÜŞ KATILIM EMEKLİLİK YATIRIM FONU,2704761363.0,2026-09-17T21:00:00.000Z,1.66,0.33,-8.86,-0.18,,,,245,49.9,-45.16,
KHL,BEFAS_islem_goren,Katılım Hisse Senedi Fonu,ANADOLU HAYAT EMEKLİLİK A.Ş. KATILIM HİSSE SENEDİ EMEKLİLİK YATIRIM FONU,353547617.0,2026-09-17T21:00:00.000Z,-2.58,-2.17,,,,,,110,25.91,-9.67,
KJM,BEFAS_islem_goren,Katılım Fonu,KATILIM EMEKLİLİK VE HAYAT A.Ş. KIYMETLİ MADENLER KATILIM EMEKLİLİK YATIRIM FONU,6457267323.0,2026-09-17T21:00:00.000Z,0.99,3.16,-7.54,3.4,53.67,322.03,,249,33.29,-34.71,1.55
KLU,TEFAS,Para Piyasası,KUVEYT TÜRK PORTFÖY PARA PİYASASI KATILIM (TL) FONU,91541913932.0,2026-09-17T21:00:00.000Z,2.94,9.81,20.86,30.17,43.79,218.19,,249,1.41,0.0,
KLV,BEFAS_islem_goren,Belirtilmemiş,KATILIM EMEKLİLİK VE HAYAT A.Ş. KATILIM KARMA EMEKLİLİK YATIRIM FONU,119192405.0,2026-09-17T21:00:00.000Z,-0.32,,,,,,,29,,-3.42,
KML,BEFAS_islem_goren,Kıymetli Madenler,AGESA HAYAT VE EMEKLİLİK A.Ş. KIYMETLİ MADENLER EMEKLİLİK YATIRIM FONU,17852700186.0,2026-09-17T21:00:00.000Z,1.0,2.63,-6.05,6.34,48.76,,,249,35.81,-32.62,1.49
KMP,BEFAS_islem_goren,Kıymetli Madenler,HDI FİBA EMEKLİLİK VE HAYAT A.Ş. KIYMETLİ MADENLER EMEKLİLİK YATIRIM FONU,359399157.0,2026-09-17T21:00:00.000Z,0.56,4.24,,,,,,86,23.22,-16.17,
KOE,BEFAS_klasik,Değişken Fon,ALLIANZ YAŞAM VE EMEKLİLİK A.Ş. KOÇ HOLDİNG EMEKLİ VAKFI BİRİNCİ DEĞİŞKEN GRUP EMEKLİLİK YATIRIM FONU,3931004151.0,2026-09-17T21:00:00.000Z,1.79,7.39,18.59,28.86,40.76,195.9,463.52,249,5.73,-2.55,15.98
KPD,TEFAS,Kar Payı Ödeyen Fonlar,KUVEYT TÜRK PORTFÖY KAR PAYI ÖDEYEN KATILIM SERBEST (DÖViZ) FON,304629847.0,2026-09-17T21:00:00.000Z,0.46,3.64,8.91,9.75,15.55,,,249,2.89,-2.45,6.34
KSA,TEFAS,Kısa Vadeli,HEDEF PORTFÖY KISA VADELİ SERBEST (TL) FON,12549991345.0,2026-09-17T21:00:00.000Z,3.31,10.9,23.02,34.06,51.0,284.06,,249,1.56,0.0,
KSH,BEFAS_islem_goren,Katılım Fonu,KATILIM EMEKLİLİK VE HAYAT A.Ş. TEKNOLOJİ SEKTÖRÜ KATILIM EMEKLİLİK YATIRIM FONU,927303599.0,2026-09-17T21:00:00.000Z,-13.78,-9.33,12.58,35.87,32.0,,,249,21.72,-14.86,2.15
KSV,TEFAS,Serbest Katılım Fonları,KUVEYT TÜRK PORTFÖY KISA VADELİ KATILIM SERBEST (TL) FON,39062908263.0,2026-09-17T21:00:00.000Z,2.79,9.13,19.49,28.23,41.56,221.34,457.68,249,1.33,0.0,
KTV,TEFAS,Kira Sertifikaları,KUVEYT TÜRK PORTFÖY KISA VADELİ KİRA SERTİFİKALARI KATILIM (TL) FONU,38494969962.0,2026-09-17T21:00:00.000Z,2.89,9.44,19.45,28.47,42.29,210.69,422.53,249,1.36,-0.0,
KVS,TEFAS,Kısa Vadeli,AZİMUT PORTFÖY KISA VADELİ SERBEST (TL) FON,19565743547.0,2026-09-20T21:00:00.000Z,3.47,10.93,22.88,33.34,49.3,253.51,,250,1.53,0.0,
KZL,TEFAS,Altın Fonları,KUVEYT TÜRK PORTFÖY ALTIN KATILIM FONU,88639769251.0,2026-09-17T21:00:00.000Z,0.82,5.64,-5.36,10.06,36.33,311.04,1375.88,249,27.77,-24.03,1.51
LPH,TEFAS,Serbest İstatistiksel Arbitraj Fonları,STATECH PORTFÖY İSTATİSTİKSEL ARBİTRAJ HİSSE SENEDİ SERBEST (TL) FON (HİSSE SENEDİ YOĞUN FON),3746308459.0,2026-09-20T21:00:00.000Z,3.33,10.11,23.35,41.57,64.51,,,250,3.55,-0.46,139.73
MDD,BEFAS_islem_goren,Merkezi Alacağın Devri Fonu,ANADOLU HAYAT EMEKLİLİK A.Ş. MERKEZİ ALACAĞIN DEVRİ DENGELİ DEĞİŞKEN EMEKLİLİK YATIRIM FONU,233867089.0,2026-09-17T21:00:00.000Z,-0.68,-1.34,6.91,20.11,27.14,,,249,13.64,-7.27,3.74
MDE,BEFAS_islem_goren,Merkezi Alacağın Devri Fonu,TÜRKİYE HAYAT VE EMEKLİLİK A.Ş. MERKEZİ ALACAĞIN DEVRİ TEMKİNLİ DEĞİŞKEN EYF,243223695.0,2026-09-17T21:00:00.000Z,-0.11,4.62,14.79,21.68,35.59,,,249,7.63,-4.28,8.31
NHA,BEFAS_islem_goren,Altın Fonu,ZURİCH YAŞAM VE EMEKLİLİK A.Ş. ALTIN EMEKLİLİK YATIRIM FONU,22638705848.0,2026-09-17T21:00:00.000Z,0.27,4.87,-6.31,8.93,34.32,299.01,1388.87,249,26.36,-24.13,1.42
NHO,BEFAS_klasik,Belirtilmemiş,NN HAYAT VE EMEKLİLİK A.Ş. OKS STANDART EMEKLİLİK YATIRIM FONU,227083794.0,2023-01-08T21:00:00.000Z,0.0,0.0,0.0,0.0,0.0,0.0,123.85,,,,
NHR,BEFAS_klasik,Belirtilmemiş,NN HAYAT VE EMEKLİLİK A.Ş. OKS KATILIM STANDART EMEKLİLİK YATIRIM FONU,119227418.0,2023-01-08T21:00:00.000Z,0.0,0.0,0.0,0.0,0.0,0.0,141.47,,,,
NKP,TEFAS,Kar Payı Ödeyen Fonlar,NEO PORTFÖY KAR PAYI ÖDEYEN DEĞİŞKEN FON,147263924.0,2026-09-20T21:00:00.000Z,3.18,-2.99,3.43,10.03,15.27,,,250,15.02,-11.58,1.32
NSH,TEFAS,Serbest İstatistiksel Arbitraj Fonları,NUROL PORTFÖY İSTATİSTİKSEL ARBİTRAJ HİSSE SENEDİ SERBEST FON (HİSSE SENEDİ YOĞUN FON),2560090461.0,2026-09-20T21:00:00.000Z,4.31,10.54,22.13,32.41,45.25,,,250,2.76,-0.3,148.93
NVT,TEFAS,Kategorisiz,NEO PORTFÖY ÜÇÜNCÜ SERBEST (TL) FON,11138472759.0,2026-09-20T21:00:00.000Z,3.14,9.78,20.38,29.73,44.21,254.75,,250,1.26,0.0,
OJK,TEFAS,Altın Fonları,QNB PORTFÖY ALTIN FONU,46829359733.0,2026-09-20T21:00:00.000Z,1.97,6.93,-3.64,12.85,38.9,310.58,,250,25.7,-23.12,1.68
OJT,TEFAS,Teknoloji,QNB PORTFÖY TEKNOLOJİ FON SEPETİ FONU,4571657908.0,2026-09-20T21:00:00.000Z,-0.02,-0.26,35.25,40.38,49.35,266.44,,250,21.12,-10.08,4.9
ONS,TEFAS,Döviz Fon,İŞ PORTFÖY ONİKİNCİ SERBEST (DÖVİZ) FON,167679497812.0,2026-09-20T21:00:00.000Z,1.98,6.21,12.27,16.42,22.27,101.11,,250,1.28,-0.14,158.75
OVD,TEFAS,Emtia Fonları,QNB PORTFÖY EMTİA FON SEPETİ FONU,904046605.0,2026-09-20T21:00:00.000Z,5.63,17.73,16.51,39.82,60.59,161.73,,250,15.58,-12.02,5.04
PAL,TEFAS,Döviz Fon,AK PORTFÖY ALTINCI SERBEST (DÖVİZ) FON,151097942813.0,2026-09-20T21:00:00.000Z,1.92,6.11,12.19,16.32,22.2,102.78,676.11,250,1.31,-0.13,172.34
PKV,TEFAS,Kısa Vadeli,PARDUS PORTFÖY KISA VADELİ SERBEST (TL) FON,12496826223.0,2026-09-17T21:00:00.000Z,3.37,11.36,24.64,37.14,55.44,,,249,1.7,0.0,
PPJ,TEFAS,Serbest Para Piyasası Fonları,AK PORTFÖY İKİNCİ PARA PİYASASI SERBEST (TL) FON,64907174415.0,2026-09-20T21:00:00.000Z,3.35,10.62,22.34,32.48,47.87,,,250,1.49,0.0,
PVK,TEFAS,Serbest Katılım Fonları,ALBARAKA PORTFÖY KISA VADELİ KATILIM SERBEST (TL) FON,40166374091.0,2026-09-20T21:00:00.000Z,3.16,9.79,20.33,29.65,43.77,232.77,475.5,250,1.38,0.0,
RBV,TEFAS,Kira Sertifikaları,ALBARAKA PORTFÖY KISA VADELİ KİRA SERTİFİKALARI KATILIM (TL) FONU,9645711532.0,2026-09-20T21:00:00.000Z,3.31,10.03,20.44,29.61,43.69,217.63,445.36,250,1.37,0.0,
SSK,TEFAS,Sağlık - İlaç,DENİZ PORTFÖY SAĞLIK SEKTÖRÜ DEĞİŞKEN FON,45323502.0,2026-09-17T21:00:00.000Z,-0.57,14.58,23.72,24.99,43.08,,,249,9.98,-7.31,5.9
TE3,TEFAS,Mutlak Getiri Hedefli,TEB PORTFÖY MUTLAK GETİRİ HEDEFLİ DEĞİŞKEN FON,1134332534.0,2026-09-17T21:00:00.000Z,-0.49,2.12,13.04,30.48,46.07,231.66,642.79,249,12.38,-5.77,7.98
TGE,TEFAS,Yabancı Fonlar,İŞ PORTFÖY EMTİA YABANCI BYF FON SEPETİ FONU,3078738358.0,2026-09-20T21:00:00.000Z,5.95,13.52,15.82,42.36,65.11,164.84,1247.73,250,18.9,-11.76,5.54
TGR,TEFAS,Tematik,AK PORTFÖY TURİZM VE SEYAHAT SEKTÖRÜ DEĞİŞKEN FON,101190289.0,2026-09-20T21:00:00.000Z,-8.28,-5.56,3.68,2.53,1.61,96.66,,250,24.15,-16.37,0.1
THF,TEFAS,Yerli Hisse,TERA PORTFÖY HİSSE SENEDİ (TL) FONU (HİSSE SENEDİ YOĞUN FON),40452359335.0,2026-09-20T21:00:00.000Z,-24.11,-15.87,-1.4,15.62,38.39,,,250,33.04,-35.06,1.09
THK,BEFAS_islem_goren,Kira Sertifikasi Katılım Fonu,TÜRKİYE HAYAT VE EMEKLİLİK A.Ş. KİRA SERTİFİKALARI KATILIM EMEKLİLİK YATIRIM FONU,2041473618.0,2026-09-17T21:00:00.000Z,2.98,9.74,21.14,31.12,45.88,,,249,1.39,0.0,
TJY,BEFAS_islem_goren,Yaşam Döngüsü/Hedef Fon,TÜRKİYE HAYAT VE EMEKLİLİK A.Ş. ÜÇÜNCÜ YAŞAM DÖNGÜSÜ EMEKLİLİK YATIRIM FONU,444407695.0,2026-09-17T21:00:00.000Z,2.36,8.01,15.56,26.14,39.21,240.58,,249,3.61,-1.22,32.08
TLY,TEFAS,Kategorisiz,TERA PORTFÖY BİRİNCİ SERBEST FON,243624480154.0,2026-09-15T21:00:00.000Z,16.89,56.97,132.69,251.81,640.61,73302.05,,247,21.72,-4.22,151.79
TMG,TEFAS,Yabancı Fonlar,İŞ PORTFÖY YABANCI HİSSE SENEDİ FONU,5129258353.0,2026-09-20T21:00:00.000Z,1.35,8.58,28.05,26.44,42.28,216.53,1305.48,250,15.71,-8.66,4.88
TML,BEFAS_islem_goren,Yaşam Döngüsü/Hedef Fon,TÜRKİYE HAYAT VE EMEKLİLİK A.Ş. BİRİNCİ YAŞAM DÖNGÜSÜ EMEKLİLİK YATIRIM FONU,127351074.0,2026-09-17T21:00:00.000Z,0.4,0.95,3.93,14.4,25.21,163.95,,249,13.27,-7.57,3.33
TMN,BEFAS_islem_goren,Merkezi Alacağın Devri Fonu,TÜRKİYE HAYAT VE EMEKLİLİK A.Ş. MERKEZİ ALACAĞIN DEVRİ DENGELİ KATILIM DEĞİŞKEN EYF,217474712.0,2026-09-17T21:00:00.000Z,-2.61,0.22,9.35,18.31,27.73,,,249,10.42,-5.53,5.01
TNE,BEFAS_islem_goren,Belirtilmemiş,GARANTİ EMEKLİLİK VE HAYAT A.Ş. TEMİZ ENERJİ SEKTÖRÜ HİSSE SENEDİ EMEKLİLİK YATIRIM FONU,65347911.0,2026-09-17T21:00:00.000Z,0.4,-7.02,,,,,,88,20.08,-10.55,
TP2,TEFAS,Para Piyasası,TERA PORTFÖY PARA PİYASASI (TL) FONU,224391916391.0,2026-09-15T21:00:00.000Z,3.5,12.07,26.17,39.37,59.72,,,247,1.79,0.0,
TVE,TEFAS,Tarım - Gıda,EMAA BLUE PORTFÖY TARIM VE GIDA SEKTÖRÜ KATILIM FONU,219088319.0,2026-09-20T21:00:00.000Z,-6.81,-8.76,-3.3,7.75,,,,188,14.56,-12.49,
TYJ,BEFAS_islem_goren,Yaşam Döngüsü/Hedef Fon,TÜRKİYE HAYAT VE EMEKLİLİK A.Ş. İKİNCİ YAŞAM DÖNGÜSÜ EMEKLİLİK YATIRIM FONU,132409032.0,2026-09-17T21:00:00.000Z,0.77,3.3,9.69,19.77,32.63,204.22,,249,8.48,-4.57,7.14
UNT,TEFAS,Kategorisiz,İŞ PORTFÖY ÜÇÜNCÜ SERBEST (TL) FON,11274820440.0,2026-09-20T21:00:00.000Z,3.21,10.22,21.49,31.38,46.52,,,250,1.45,0.0,
VEB,BEFAS_islem_goren,Katılım Değişken Fon,TÜRKİYE HAYAT VE EMEKLİLİK A.Ş. KATILIM DENGELİ DEĞİŞKEN EMEKLİLİK YATIRIM FONU,1957773223.0,2026-09-17T21:00:00.000Z,-2.65,3.1,12.77,29.01,39.95,152.51,746.19,249,13.08,-5.89,6.79
VEI,BEFAS_klasik,Devlet Katkısı Fonu,TÜRKİYE HAYAT VE EMEKLİLİK A.Ş. KATKI EMEKLİLİK YATIRIM FONU,53724796149.0,2026-09-17T21:00:00.000Z,1.63,-1.56,7.33,12.95,23.0,128.39,448.49,249,15.35,-11.43,2.01
VEK,BEFAS_islem_goren,Standart Fon,TÜRKİYE HAYAT VE EMEKLİLİK A.Ş. STANDART EMEKLİLİK YATIRIM FONU,7811204454.0,2026-09-17T21:00:00.000Z,-1.05,1.87,8.69,10.87,22.12,128.36,393.28,249,9.16,-6.71,3.3
VEO,BEFAS_islem_goren,Katılım Değişken Fon,TÜRKİYE HAYAT VE EMEKLİLİK A.Ş. OKS AGRESİF KATILIM DEĞİŞKEN EMEKLİLİK YATIRIM FONU,4510627668.0,2026-09-17T21:00:00.000Z,-5.2,-0.1,8.91,23.52,28.42,129.18,1320.5,249,17.22,-9.66,2.94
VER,BEFAS_klasik,Katılım Katkı Fonu,TÜRKİYE HAYAT VE EMEKLİLİK A.Ş. KATILIM KATKI EMEKLİLİK YATIRIM  FONU,15409464859.0,2026-09-17T21:00:00.000Z,-2.51,4.2,14.97,28.73,35.5,107.25,528.93,249,11.22,-5.81,6.11
VES,BEFAS_islem_goren,Borçlanma Araçları Fonu,TÜRKİYE HAYAT VE EMEKLİLİK A.Ş. BORÇLANMA ARAÇLARI EMEKLİLİK YATIRIM FONU,11893127711.0,2026-09-17T21:00:00.000Z,2.5,8.46,18.28,25.87,40.54,217.26,532.71,249,2.36,-0.57,71.61
VET,BEFAS_islem_goren,Kamu Yabancı Para (Döviz) Cinsinden Borçlanma Araç,TÜRKİYE HAYAT VE EMEKLİLİK A.Ş. KAMU DIŞ BORÇLANMA ARAÇLARI EMEKLİLİK YATIRIM FONU,12902496551.0,2026-09-17T21:00:00.000Z,-0.06,3.58,10.58,11.43,18.48,125.49,750.79,249,4.8,-3.6,5.14
VGA,BEFAS_islem_goren,Altın Katılım Fonu,TÜRKİYE HAYAT VE EMEKLİLİK A.Ş. ALTIN KATILIM EMEKLİLİK YATIRIM FONU,249607302920.0,2026-09-17T21:00:00.000Z,-0.66,3.63,-8.82,3.8,29.78,301.86,1366.56,249,25.26,-25.22,1.18
VGB,BEFAS_islem_goren,Katılım Standart Fon,TÜRKİYE HAYAT VE EMEKLİLİK A.Ş. KATILIM STANDART EMEKLİLİK YATIRIM FONU,3994601551.0,2026-09-17T21:00:00.000Z,-0.08,3.19,12.66,26.07,38.02,112.86,478.48,249,6.72,-2.54,14.99
VGD,BEFAS_islem_goren,Kıymetli Madenler,TÜRKİYE HAYAT VE EMEKLİLİK A.Ş. KIYMETLİ MADENLER KATILIM EMEKLİLİK YATIRIM FONU,21401359897.0,2026-09-17T21:00:00.000Z,0.84,4.36,-4.75,8.99,42.17,319.56,847.95,249,29.28,-28.03,1.5
VGH,BEFAS_islem_goren,Katılım Değişken Fon,TÜRKİYE HAYAT VE EMEKLİLİK A.Ş. OKS  ATAK KATILIM DEĞİŞKEN EMEKLİLİK YATIRIM FONU,2695591540.0,2026-09-17T21:00:00.000Z,-3.94,2.22,12.77,26.48,33.9,156.49,1096.14,249,15.55,-7.32,4.63
VGK,BEFAS_islem_goren,OKS Katılım Standart Fon,TÜRKİYE HAYAT VE EMEKLİLİK A.Ş. OKS KATILIM STANDART EMEKLİLİK YATIRIM FONU,38972104700.0,2026-09-17T21:00:00.000Z,-0.03,4.15,13.29,22.02,34.97,118.73,516.22,249,6.6,-2.7,12.94
VGZ,BEFAS_islem_goren,OKS Standart Fon,TÜRKİYE HAYAT VE EMEKLİLİK A.Ş. OKS STANDART EMEKLİLİK YATIRIM FONU,9793221082.0,2026-09-17T21:00:00.000Z,1.27,4.56,9.69,15.38,29.4,142.13,573.74,249,7.4,-4.85,6.06
VKE,BEFAS_klasik,Başlangıç Katılım Fonu,TÜRKİYE HAYAT VE EMEKLİLİK A.Ş.BAŞLANGIÇ KATILIM EMEKLİLİK YATIRIM FONU,4268690546.0,2026-09-17T21:00:00.000Z,3.01,9.96,20.65,33.78,48.95,252.92,536.51,249,2.81,-1.9,25.71
VKJ,BEFAS_klasik,Başlangıç Fonu,TÜRKİYE HAYAT VE EMEKLİLİK A.Ş. BAŞLANGIÇ EMEKLİLİK YATIRIM FONU,1898840682.0,2026-09-17T21:00:00.000Z,2.99,10.36,21.81,31.66,47.21,263.75,548.88,249,1.45,-0.01,
VKV,TEFAS,Kira Sertifikaları,VAKIF KATILIM PORTFÖY KISA VADELİ KİRA SERTİFİKALARI KATILIM FONU,9026156702.0,2026-09-20T21:00:00.000Z,3.24,10.1,,,,,,76,1.34,0.0,
YAS,TEFAS,Tematik Hisse,YAPI KREDİ PORTFÖY KOÇ HOLDİNG  İŞTİRAK VE HİSSE SENEDİ FONU (HİSSE SENEDİ YOĞUN FON),6216567420.0,2026-09-20T21:00:00.000Z,-0.22,2.89,2.74,12.39,8.74,50.13,1208.84,250,19.76,-14.13,0.62
YAY,TEFAS,Tematik Hisse,YAPI KREDİ PORTFÖY YABANCI TEKNOLOJİ SEKTÖRÜ HİSSE SENEDİ FONU,13365190076.0,2026-09-20T21:00:00.000Z,2.63,-1.12,42.77,45.61,64.6,281.46,1513.84,250,28.85,-14.42,4.48
YBE,TEFAS,Eurobond Borçlanma Araçları,YAPI KREDİ PORTFÖY EUROBOND (DOLAR) BORÇLANMA ARAÇLARI FONU,4964431164.0,2026-09-20T21:00:00.000Z,0.1,4.59,13.44,14.36,23.2,136.09,800.4,250,5.35,-4.55,5.1
YBS,TEFAS,Borçlanma Araçları - Özel Sektör,YAPI KREDİ PORTFÖY ÖZEL SEKTÖR BORÇLANMA ARAÇLARI FONU,2209715924.0,2026-09-20T21:00:00.000Z,3.22,10.2,21.24,31.28,46.66,231.21,494.0,250,1.51,-0.05,
YJH,TEFAS,Sürdürülebilirlik,YAPI KREDİ PORTFÖY TEMİZ ENERJİ DEĞİŞKEN FON,182000060.0,2026-09-20T21:00:00.000Z,-1.68,-6.61,10.05,19.77,37.85,87.96,,250,20.62,-12.58,3.01
YKT,TEFAS,Altın Fonları,YAPI KREDİ PORTFÖY ALTIN FONU,32667671108.0,2026-09-20T21:00:00.000Z,1.06,5.86,-5.45,10.15,32.89,294.07,1251.07,250,26.21,-23.71,1.39
YNK,TEFAS,Kar Payı Ödeyen Fonlar (Döviz),YAPI KREDİ PORTFÖY NİŞANTAŞI KAR PAYI ÖDEYEN SERBEST (DÖVİZ) FON,20240876767.0,2026-09-20T21:00:00.000Z,1.1,4.05,8.89,10.31,14.91,82.56,,250,3.6,-1.52,9.79
YSO,TEFAS,Sağlık - İlaç,YAPI KREDİ PORTFÖY SAĞLIK SEKTÖRÜ SERBEST FON,94188745.0,2026-09-20T21:00:00.000Z,-2.7,17.98,31.9,31.4,47.3,,,250,13.27,-8.6,5.5
YVB,TEFAS,Uzun Vadeli Borçlanma Araçları,YAPI KREDİ PORTFÖY UZUN VADELİ BORÇLANMA ARAÇLARI FONU,125838374.0,2026-09-20T21:00:00.000Z,3.28,6.33,10.77,9.25,25.54,,,250,10.17,-8.56,2.99
ZHD,BEFAS_islem_goren,Kira Sertifikasi Katılım Fonu,TÜRKİYE HAYAT VE EMEKLİLİK A.Ş. KAMU DIŞ KİRA SERTİFİKALARI KATILIM EMEKLİLİK YATIRIM FONU,1930523983.0,2026-09-17T21:00:00.000Z,0.67,4.61,10.41,13.11,19.48,110.8,720.25,249,1.81,-0.54,35.91
ZHE,BEFAS_islem_goren,Değişken Fon,TÜRKİYE HAYAT VE EMEKLİLİK A.Ş. DENGELİ DEĞİŞKEN EMEKLİLİK YATIRIM FONU,13506821116.0,2026-09-17T21:00:00.000Z,-3.65,-7.14,0.71,7.32,15.5,101.19,839.66,249,19.43,-12.39,1.25
ZHG,BEFAS_islem_goren,Kamu Borçlanma Araçları Fonu,TÜRKİYE HAYAT VE EMEKLİLİK A.Ş. KAMU BORÇLANMA ARAÇLARI EMEKLİLİK YATIRIM FONU,4098880932.0,2026-09-17T21:00:00.000Z,2.22,6.51,12.78,15.9,29.65,115.55,249.68,249,5.27,-3.29,9.02
ZP8,TEFAS,Serbest Katılım Fonları,ZİRAAT PORTFÖY KEHRİBAR PARA PİYASASI KATILIM SERBEST (TL) FON,56658009926.0,2026-09-20T21:00:00.000Z,3.34,10.4,21.72,31.47,46.42,247.14,,250,1.45,0.0,
